Ticker,2020_2021_NI_Grow,2021_2022_NI_Grow,2022_2023_NI_Grow,2023_PE
A,68.2893,3.6364,-1.1164,22.465572
AA,-352.3529,-128.6713,429.2683,15.480176
AAL,-77.5689,-106.3723,547.2441,4.2087226
AAME,-64.8204,-64.3775,,
AAN,-141.3422,-104.8029,-153.4659,10.161764
AAOI,-7.3394,22.5896,-15.5865,11.321839
AAON,-25.6313,70.8295,76.9576,32.112625
AAP,21.0121,-22.1605,-93.5971,16.400002
AAPL,64.9161,5.4109,-2.8135,23.8892
AAT,2.824,52.6986,15.7721,29.246574
ABBV,150.0433,2.5472,-58.9135,13.463576
ABCB,43.8665,-8.0584,-22.3452,9.709612
ABEO,0.8334,-53.2636,36.5075,-2.1789472
ABG,109.2767,87.3216,-39.5869,6.740622
ABIO,98.4186,-48.6285,-46.212,-0.3965909
ABM,42000.0,82.4228,9.0712,12.071824
ABMD,,-39.4723,,60.768738
ABR,98.4802,-3.9838,14.0127,7.502924
ABT,57.3081,-1.9516,-17.4528,20.616732
AC,214.6418,-182.609,-176.576,12.544403
ACA,-34.7092,253.1609,-35.2319,19.392857
ACAD,-40.3837,28.6561,-71.6236,13.261904
ACCO,64.3548,-112.9539,65.1515,3.8560002
ACGL,53.4662,-31.5716,201.0163,10.838934
ACHC,-128.3627,43.2785,-107.9326,18.347395
ACHV,125.0645,27.7449,-29.5986,-4.8777776
ACIW,75.8753,11.2574,-14.5368,19.941519
ACLS,97.3711,85.5844,34.5119,12.294537
ACM,-192.9254,79.3521,-82.1861,18.252964
ACMR,101.049,3.9887,97.0023,13.794595
ACN,15.642,16.4278,-0.0816,22.935213
ACNB,51.3211,28.4472,-11.3672,9.244319
ACOR,4.3778,-36.5912,283.6003,-0.6885417
ACRE,176.8315,-50.736,-230.4919,8.594936
ACRS,78.1143,-4.3548,1.81,-1.4756098
ACTG,36.5885,-183.8254,-153.6201,8.396552
ACU,68.6143,-77.7765,486.3108,15.795367
ADBE,-8.327,-1.3687,14.1295,22.721157
ADC,33.8057,24.6694,11.4946,30.763441
ADI,13.898,97.6782,20.5932,26.50066
ADM,52.8781,60.2067,-19.7465,10.291228
ADMA,-5.4134,-8.017,-57.1513,13.04
ADNT,-302.5594,-110.8303,-270.8333,7.5620255
ADP,5.3517,13.4847,15.7042,24.189
ADSK,,-58.8576,65.5936,23.364437
ADT,-46.0892,-138.9247,249.0114,7.6470585
ADTN,-463.1203,-76.41,13041.2862,11.526317
ADUS,36.1965,1.9922,35.8305,18.279467
ADVM,23.8565,6.1811,-24.1827,-1.7900554
ADXS,33.5302,-5.5671,26.462,-0.9109589
AE,1094.7739,-70.6679,-93.9203,-92.1875
AEE,13.6625,8.4848,7.2626,15.07551
AEHR,-27.6588,-566.2062,54.0423,22.603773
AEIS,0.0453,48.1861,-35.7488,16.610052
AEL,-17.6387,247.2223,-89.0361,7.958865
AEMD,,32.0715,15.4923,-0.5247148
AEO,,-300.5165,-70.1794,12.569948
AEP,13.0903,-7.2706,-4.2952,14.434564
AES,-989.1304,33.4963,-145.6044,8.647343
AFG,172.541,-54.9875,-5.1225,10.690376
AFL,-11.4483,4.4198,5.455,12.140784
AGCO,110.0211,-0.825,31.6772,9.077106
AGE,-20.1565,20.5994,41.493,
AGEN,-86.7749,819.8111,11.672,-0.93880713
AGIO,-590.1839,-114.445,51.8924,-5.517827
AGM,25.2568,30.9026,12.2704,10.126769
AGNC,-381.5789,-258.8785,-113.0252,4.5979896
AGO,7.4586,-68.1234,495.9677,11.362963
AGR,21.6867,24.611,-10.7832,15.157676
AGRX,37.0548,-64.2422,-43.0781,0.40454543
AGS,-73.5623,-64.4028,-105.3267,18.040815
AGX,,60.3455,-13.4557,13.51121
AGYS,,-130.8462,125.1003,65.39371
AHH,-24.904,241.4352,-88.9133,-61.882355
AHT,-50.907,-47.6321,27.6517,-0.3046875
AIG,-274.4112,-1.3504,-64.3786,9.544993
AIN,20.1737,-19.1732,16.0377,16.93206
AINC,-95.3264,-136.7355,-226.9336,0.70863837
AIR,713.6364,119.8324,14.6125,16.74092
AIRG,207.6243,-14.1568,43.527,16.375
AIRI,48.4489,-166.134,98.0483,-12.4561405
AIRT,,-250.1718,-212.5092,
AIT,502.1005,77.8249,34.7009,18.071991
AIV,17.2386,-1381.3198,-319.4702,-47.058823
AIZ,208.9383,-79.6886,132.2849,10.30124
AJG,10.7474,22.8716,-12.9869,20.714033
AJX,46.8803,-135.8643,213.5767,7.666667
AKAM,16.98,-19.6381,4.5748,13.769441
AKBA,-26.7167,-66.5894,-44.8931,-3.9375
AKR,-362.344,-250.5223,-156.0671,49.371433
AKTS,22.1804,33.6783,7.6745,-1.7267648
AL,-15.4247,-122.221,-733.4742,9.461394
ALB,-67.0879,2074.9596,-41.5025,13.517978
ALCO,47.3206,-64.2589,-85.2717,59.38298
ALDX,53.8496,7.3531,-39.4716,-13.586207
ALE,-2.8703,11.8794,30.5335,14.235578
ALEC,-80.9024,266.952,-2.1896,-2.8700564
ALEX,532.1429,-242.9379,-158.8933,21.96
ALG,38.8226,27.021,33.5855,14.516804
ALGN,-56.5277,-53.1653,23.088,25.977922
ALGT,-182.4871,-98.3583,4617.0477,6.6699266
ALIM,-18.112,314.1583,11.1835,18.4
ALK,-136.1027,-87.8661,,6.839428
ALKS,-56.5501,228.5661,-324.7828,9.511628
ALL,-71.0545,-179.8637,-85.4151,10.03896
ALLE,53.6748,-5.176,17.9913,16.01581
ALLK,75.8275,18.5622,-41.9597,-1.5
ALLO,-42.4583,86.9883,-3.8626,-1.725
ALLY,182.0276,-43.9869,-40.4901,7.1415267
ALNY,-0.6358,32.6365,-61.0803,-81.78977
ALOT,,400.7009,-58.6094,49.34286
ALPN,80.1467,14.7597,-44.2817,-34.174603
ALRM,-32.8748,7.8054,43.8514,29.424778
ALSN,47.8261,20.1357,-100.0,8.463752
ALT,97.9632,-12.748,4.4078,-3.5405407
ALTM,-103.681,45483.3333,,14.193548
ALTR,-16.2476,393.8481,-79.4469,56.65493
ALV,132.6203,-2.7586,15.3664,9.990826
ALX,216.9603,-56.6449,77.7016,16.261337
AM,-370.6481,-1.6208,-100.0,14.122449
AMAL,14.612,53.9131,7.9789,7.5045877
AMAT,62.6969,10.8186,5.0728,20.779287
AMBC,-96.1098,-3164.7059,-99.2322,41.285713
AMC,-72.3453,-23.2842,-59.2646,-3.6625001
AMCX,4.4241,-96.9696,2737.2926,2.0344827
AMD,26.988,-58.2543,-35.303,28.640144
AME,13.4811,17.1192,13.2506,23.319094
AMED,13.8687,-43.2688,-108.2178,18.373253
AMG,179.7725,102.5632,-41.2776,6.3096204
AMGN,-18.8739,11.1828,2.5183,13.044762
AMH,34.7059,44.4471,39.1853,51.884056
AMKR,90.1576,19.1025,-53.0162,13.88412
AMN,363.2958,35.6342,-52.5551,13.124726
AMNB,44.8694,-20.9024,-24.0182,19.899998
AMP,122.751,-7.8431,-18.8314,10.793971
AMPE,7.4305,-4.3221,-47.1629,-2.7888887
AMPH,4327.3699,47.1215,50.5099,9.63785
AMRC,30.3523,34.7271,-34.1908,10.361386
AMRK,423.2456,-16.9766,17.9755,7.4341373
AMRX,-88.3328,-1323.5128,-35.383,9.166667
AMS,-102.7487,584.5361,-54.0663,7.24881
AMSC,,-15.3673,82.5718,308.75003
AMSF,-24.071,-15.4419,11.701,18.92116
AMSWA,,58.0171,-18.4713,26.605263
AMT,51.881,-31.2303,-15.9984,23.278154
AMTD,6.6789,0.683,,
AMTX,28.6096,128.5575,-56.922,-7.8
AMWD,,-148.5709,-415.3321,10.118681
AMZN,56.4109,-108.1585,-1217.7443,33.081287
AN,259.8008,0.3205,-25.8676,8.04945
ANAB,189.9804,122.7213,27.1084,-4.083893
ANDE,1248.716,26.0554,-22.8029,14.159793
ANET,32.5104,60.842,54.3367,29.832556
ANF,,-330.668,-98.9293,15.021013
ANGI,1036.0497,79.9574,-68.1277,35.166664
ANGO,-81.0849,-15.852,97.544,-11.816326
ANIK,-117.2379,-459.434,456.343,63.14634
ANIP,88.9436,12.424,-139.2079,13.173652
ANIX,29.3027,4.9483,-27.8338,-6.6000004
ANSS,4.78,15.1955,-4.4486,30.334267
AON,-36.2621,106.2948,-0.9656,16.068947
AOS,41.2293,-51.6116,136.1476,18.999998
AOSL,-981.0794,679.756,-97.2716,27.000002
AP,-148.4442,-188.4745,-1268.8525,8.913043
APA,-123.7249,217.533,-20.7825,5.8656716
APAM,58.2733,-38.5601,7.5132,11.369445
APD,11.2578,7.4794,1.9547,17.597914
APDN,9.6661,-42.1277,20.3095,-0.37735847
APEI,-5.6848,-747.7749,-58.8792,14.40625
APH,32.1921,19.5813,1.351,31.615183
APLE,-110.8702,669.0939,22.571,17.57143
APLS,116.4135,-12.6189,-18.9435,40.916664
APOG,,-77.4164,2886.4314,12.685832
APPF,-99.351,-6726.3619,-103.9666,43.611538
APPN,164.7818,70.2598,-26.1589,-288.0
APPS,,-35.2343,-53.0946,4.2444444
APT,-74.8735,-51.421,27.6356,5.1465516
APTV,-67.2949,0.678,394.6128,9.916202
APVO,60.3211,-128.2075,-316.9054,-0.08806691
APYX,27.5387,52.8078,-19.2849,-2.0428572
AQB,36.1135,-0.7409,,-0.61935484
AQMS,-29.3805,-15.1817,55.1293,-6.7000003
AR,-85.2591,-1115.9343,-87.2065,12.367272
ARAY,-264.9072,-15.2749,73.5553,16.384617
ARC,47.7537,21.3387,-25.7707,8.250001
ARCB,200.3108,39.6626,-34.4644,8.76759
ARCH,-197.9566,294.2596,-65.1339,6.9793406
ARDX,67.7022,-57.5083,-1.6963,160.0
ARE,-25.9044,-8.6805,-80.1328,30.412075
ARES,168.7207,-59.0201,183.1104,21.64065
ARI,1116.2758,18.6641,-78.0845,7.766129
ARKR,-375.064,-28.0264,-163.8724,
ARL,-62.9347,11054.7356,-98.9372,
ARLO,-44.6633,1.0655,-61.085,21.344828
ARMK,-80.3191,-314.1116,246.6136,16.242268
AROC,-141.2258,56.9834,137.0372,16.262712
AROW,22.1177,-2.1221,-38.3696,8.403773
ARR,-107.1419,-1596.6478,-70.4593,4.265258
ARTNA,0.0595,6.9591,-7.2175,16.657143
ARTW,-110.1085,-54.0062,172.9828,
ARVN,60.1006,47.9058,30.0177,-5.70377
ARW,89.6175,28.7573,-36.6799,7.989362
ARWR,66.5795,25.0021,16.5918,-8.503759
ASB,14.4156,4.31,-50.0287,8.890296
ASGN,104.643,-34.5938,-18.2022,16.048252
ASH,-143.3071,321.3636,-80.7983,16.695272
ASIX,203.3856,22.9593,-68.2214,6.072116
ASMB,108.9313,-28.3108,-34.2285,-0.7912437
ASPN,70.0857,123.0495,-44.6312,23.727272
ASPS,-117.5889,-552.235,5.3765,-6.419355
ASRT,-95.4484,-8657.7674,-402.7977,inf
ASRV,53.806,5.3167,-144.9248,
ASTC,-8.5188,9.562,15.7503,-13.455882
ASTE,-65.6522,-100.6329,-33600.0,13.483871
ASUR,-119.5757,-553.0536,-36.3058,10.263888
ASYS,-109.591,1051.6578,-172.4477,24.1
ATEC,81.0669,5.7756,23.362,-16.605263
ATEN,432.5943,-50.5644,-14.7907,15.011495
ATGE,-182.0622,344.1016,-69.9805,9.61628
ATI,-111.7385,75.2438,26.9861,19.966555
ATKR,285.9811,55.3837,-24.4719,9.738889
ATLC,89.0161,-23.7799,-24.1539,4.191759
ATLO,26.8594,-19.32,-43.933,
ATNI,56.5501,-74.4663,157.5376,63.6
ATNM,11.5192,33.2728,47.8572,-70.0
ATO,10.661,16.3523,14.3936,16.699717
ATOS,15.5822,30.8357,,-5.0333333
ATR,14.0427,-1.9701,18.889,24.893103
ATRA,10.9324,-32.8802,20.9477,-1.5
ATRC,-204.2446,-192.5636,-34.494,-42.315792
ATRI,2.927,5.9083,-44.5527,
ATRO,-77.9083,39.7568,-26.0889,14.582609
ATSG,620.5979,-14.1902,-69.621,12.82
ATUS,127.0403,-80.3533,-72.6577,7.423077
AUBN,7.8481,28.6976,-86.5165,
AUMN,-76.9425,372.8401,-6.8443,-1.2056098
AVA,13.782,5.3226,10.3135,13.945737
AVAV,,-117.9504,4107.5454,46.859234
AVB,21.3464,13.1909,-18.293,34.847427
AVD,21.9459,47.4364,-72.5624,11.39
AVGO,127.5676,70.6502,22.5054,22.811754
AVGR,-8.3868,1.2118,3.9551,-0.42988506
AVNS,-123.1618,701.5873,-222.3762,9.772973
AVNW,42755.642,-80.7879,-45.5198,8.040866
AVRO,-0.4895,-11.1109,-111.4808,-3.6060607
AVT,-721.3249,258.5338,11.3304,8.227272
AVTR,391.0806,19.8917,-53.2265,19.699186
AVXL,44.2478,26.561,-0.9859,-5.7031255
AVY,33.1355,2.297,-33.5623,20.614801
AWI,-284.8638,10.7533,10.3006,17.783281
AWK,78.1382,-35.0752,15.122,21.535212
AWR,9.1663,-16.9067,59.3461,21.59756
AWRE,-23.5093,-70.364,323.7543,-15.076924
AX,17.5912,11.594,27.6047,7.2715516
AXDX,-0.647,-19.5735,-1.4002,-0.454433
AXGN,13.4491,7.2744,-24.9827,37.70588
AXL,-101.0511,989.8305,-152.2551,13.849057
AXNX,45.8017,-25.4399,-89.802,79.25
AXP,157.0973,-6.7742,11.4453,15.685657
AXR,,114.5833,37.3723,
AXS,-613.6925,-63.938,68.678,5.807765
AXSM,26.7272,43.5044,27.8431,59.96748
AXTA,117.023,-27.3967,39.5616,14.623256
AXTI,350.1235,8.4803,-213.0922,16.666666
AYI,23.3588,25.3673,-9.8958,14.966847
AYX,638.4918,77.2222,-43.8871,28.222221
AZO,25.2365,11.9471,4.0674,17.706175
AZPN,39.244,,,27.042582
AZZ,,112.1018,-163.0478,12.655477
B,57.5905,-86.5039,18.6735,16.148836
BA,-64.8103,17.4441,-54.9747,27.246754
BAC,78.7079,-13.9158,-3.6799,10.396067
BAH,,-23.3543,-41.7682,25.028812
BANC,4727.0956,-30.2073,-548.3189,6.7772274
BAND,-37.7811,-171.5225,-183.5105,11.446541
BANF,68.3269,15.1942,10.0285,15.980287
BANR,73.4249,-2.8202,-6.016,8.778672
BATRA,-85.8974,210.6545,266.6569,-96.04762
BATRK,-85.8974,210.6545,266.6569,-155.95834
BAX,16.5154,-289.486,-209.1656,12.498451
BBCP,-75.3914,-290.2475,10.8593,9.366198
BBGI,-92.0868,2891.6122,78.6132,-4.857143
BBSI,12.7765,24.1314,7.0746,14.144354
BBW,,-305.652,1.5233,7.854167
BBY,,36.485,-42.176,10.958334
BC,59.1897,14.1075,-37.9025,9.42056
BCBP,64.1655,33.1162,-35.3145,6.1168833
BCC,307.1837,20.3754,-43.6074,11.276216
BCLI,-23.1178,-0.736,,-1.3482143
BCO,557.5,62.1673,-48.5932,8.888211
BCOV,-192.8436,-267.0372,153.8658,-178.0
BCPC,13.5672,9.6385,3.0142,29.639414
BCRX,0.6827,34.2569,-8.3269,-11.8
BDC,-215.8859,298.3778,-4.6744,11.132876
BDL,961.6216,-46.4358,-36.6445,
BDN,-95.9778,337.9852,-465.6157,-13.757575
BDSI,230.0533,,,8.873016
BDX,139.3593,-14.9618,-16.5823,16.348433
BE,4.3744,83.288,0.2349,26.500002
BEAT,314.6067,192.7281,12.9378,-3.4067798
BECN,-43.7577,-1107.4725,-5.1047,11.799999
BELFA,93.9898,112.2759,40.126,12.280703
BELFB,93.9898,112.2759,40.126,10.504472
BEN,129.2152,-29.4506,-31.6665,8.099291
BERY,31.127,4.502,-20.4961,6.824096
BFAM,161.0366,14.451,-7.9587,26.255695
BFIN,-19.1313,41.6194,-10.4917,11.376471
BFS,19.8281,3.7302,4.9707,33.1
BFST,73.8214,4.0644,30.9428,7.7061076
BG,81.4847,-22.5217,39.3168,10.362526
BGFV,83.0282,-74.475,-127.1026,-23.599998
BGS,-48.9628,-116.8787,482.2164,11.935484
BGSF,878.7938,79.7505,-140.3099,9.117021
BH,-193.3902,-190.2475,-271.616,-26.45772
BHB,18.2138,10.8349,2.9731,9.021583
BHE,154.5002,90.7436,-5.7366,12.381146
BHF,-254.8539,136.0925,-128.6672,2.4270625
BHLB,-122.2627,-22.021,-24.7858,8.773663
BHR,-74.6689,-166.6104,-252.1142,-3.2500002
BHVN,80.1631,166.7398,-28.4266,-6.6552315
BIG,,-71.745,-218.5231,-0.5301205
BIIB,-61.1033,95.8036,-61.8924,12.374424
BIO,11.5365,-185.2684,-82.4309,22.479166
BIOL,-3.9872,77.2125,-27.9458,-1.3481818
BJ,,1.3353,20.28,17.327147
BJRI,-93.7704,-213.0338,382.3356,21.872482
BK,3.9259,-31.5509,27.7108,9.306425
BKD,-221.0573,140.1319,-20.7258,-11.706897
BKE,,95.806,-0.0761,9.119513
BKH,3.9946,9.1677,1.4706,13.325243
BKNG,1874.5763,162.4893,40.2551,16.836706
BKSC,4.3995,-1.3303,,
BKTI,-976.8041,583.8918,-80.8304,4.158757
BKU,109.7436,-31.3296,-37.302,8.432177
BL,145.4883,-74.4783,-279.7591,26.999998
BLBD,-102.3718,15733.564,-152.0379,13.234941
BLCM,25.6799,157.321,,-0.07786459
BLD,31.1684,71.5931,10.4795,17.756472
BLDR,450.307,59.3453,-43.967,12.625691
BLFS,-549.2184,1469.432,-52.486,-38.97778
BLK,19.6472,-12.2522,6.2572,16.111017
BLKB,-26.163,-896.8936,-104.0082,16.065979
BLMN,-235.8126,-52.7234,142.7566,9.243728
BLUE,32.4365,-67.4658,,-0.5509938
BMI,23.3893,9.2175,39.2535,39.765217
BMRC,9.8737,40.201,-57.294,9.385621
BMRN,-107.5033,-320.9129,18.426,30.590908
BMY,-177.5818,-9.5367,26.8374,6.3041606
BNED,,-50.7496,47.9327,-0.5497297
BOH,64.7369,-10.8804,-24.1811,15.117333
BOKF,42.087,-15.8299,2.013,10.48818
BOOM,227.6204,-406.6148,50.7967,6.6041665
BOOT,,224.0663,-11.378,20.593811
BOTJ,52.3896,18.0524,-2.8463,
BOX,,-4.5449,-164.6012,14.141304
BPMC,-305.1997,-13.4405,-9.0639,-32.856113
BPOP,84.5338,17.9435,-50.905,7.649865
BPRN,62.8712,17.8244,-2.7516,8.701492
BPTH,-4.0618,32.8352,15.936,-0.1537208
BR,18.3784,-1.5342,16.9727,22.647541
BRC,15.3868,15.6719,16.5877,13.501144
BRID,-175.1468,-918.9351,-92.2913,
BRKL,142.3428,-4.9342,-31.66,8.137256
BRKR,75.602,7.0372,44.0324,23.011799
BRN,-231.476,-11.8343,-117.4315,
BRO,22.1852,14.4268,29.5773,21.234375
BRT,-246.5814,71.5841,-92.247,-36.612244
BRX,122.9762,31.0918,-13.8642,23.263159
BRY,-94.0881,-1709.6255,-85.05,8.40594
BSET,-273.1312,262.1827,-104.8527,10.511277
BSGM,-38.8774,-15.2427,7.3525,-1.2769231
BSRR,21.352,-21.7451,3.5206,7.9919353
BSX,-1369.5122,-32.9491,128.2235,27.223484
BTU,-119.2536,260.2055,-41.4386,8.125926
BURL,,-288.8411,-43.7131,19.579979
BUSE,23.0258,3.9385,-4.4782,9.670996
BV,-211.2981,-69.7624,-155.0,14.240506
BW,-399.4185,-173.9982,762.6394,4.08
BWA,7.4,75.7914,-33.7924,7.533334
BWEN,-291.4593,-441.7633,-178.6125,7.3103447
BWFG,350.3049,40.7846,-2.0465,6.5142045
BWXT,9.761,-22.127,3.2151,28.002922
BXC,266.1297,0.0145,-83.6124,10.20186
BXMT,204.4912,-40.6856,-0.8394,9.235602
BXP,-42.1131,68.0434,-77.594,30.04369
BY,147.6446,-5.2067,22.6528,8.565218
BYD,-444.3549,37.8425,-3.027,8.144596
BYFC,530.8411,-239.1605,,
BYND,245.2097,101.0582,-7.6455,-3.5497384
BZH,133.6403,80.8738,-28.1341,5.181146
C,98.7146,-32.3752,-37.8377,8.518056
CABO,-4.1286,-19.7742,14.2313,9.399761
CAC,16.0172,-10.976,-29.3885,9.489362
CACC,127.6247,-44.0885,-46.6032,12.173459
CACI,42.2928,-19.8165,4.8913,17.442759
CADE,-14.4218,137.3602,17.0684,9.9175625
CAG,54.6006,-31.6138,-23.0354,11.357934
CAH,-116.5314,-252.7005,-127.9743,13.076142
CAKE,-128.5647,-40.4156,135.0277,10.06414
CAL,,-131.2035,32.64,7.366
CALA,27.6812,-65.5481,,-0.014814815
CALM,-88.7989,6339.3204,471.4467,24.161573
CALX,611.9161,-82.7962,-28.4931,21.834646
CAMP,,-50.2904,16.073,3.131313
CAPR,46.6096,44.9345,-23.1981,52.7
CAR,-287.8655,115.0973,-40.9551,5.5558786
CARA,-1151.6171,-3.3548,38.6539,-0.73715687
CARG,40.8637,-22.7537,-56.2231,14.490322
CARS,-101.3206,59.4477,588.3761,24.573528
CASA,-87.0691,-2569.7537,,-0.175
CASH,35.3209,10.3579,4.6225,7.418262
CASI,-24.0914,11.895,-34.32,6.9235296
CASS,13.6161,22.0249,-13.8809,14.207236
CASY,,8.5938,31.4609,22.90896
CAT,116.4443,3.3287,54.1387,14.712841
CATC,69.0416,-2.0639,-35.5327,9.8192
CATO,,-177.5941,-99.9213,3.7076926
CATY,30.3434,20.8975,-1.8073,8.298795
CB,141.2963,-38.4633,72.093,10.531131
CBAN,57.9264,4.7323,11.2834,6.967949
CBAY,76.5151,17.7815,-0.5953,-30.933334
CBFV,-208.7406,-2.7917,100.4979,9.741228
CBOE,12.9859,-55.5766,224.0,20.195093
CBRE,144.2855,-23.4077,-29.9218,15.627698
CBRL,-883.7198,-48.1834,-24.8938,11.5
CBSH,49.9095,-7.9821,-2.3217,15.712644
CBT,-205.042,-16.4,112.9187,12.019763
CBU,15.1923,-0.8503,-29.8579,12.41954
CBZ,-9.4663,48.6225,14.8205,22.96129
CC,177.6256,-4.9342,-141.1765,7.095491
CCBG,5.7639,0.0479,56.4049,9.539569
CCI,3.7879,52.8285,-10.3284,36.490273
CCK,-196.7185,-229.8214,-38.1018,12.1226
CCL,-7.1805,-35.8699,-98.7855,10.363637
CCNE,76.2423,9.498,-8.1788,8.016878
CCO,-25.5559,-77.7315,221.8521,-9.928572
CCOI,675.177,-89.3203,24646.2301,-20.570513
CCRN,-1118.3768,42.7713,-61.461,14.789916
CCS,141.8079,5.3404,-50.6358,6.8027444
CDE,-222.2227,149.3679,32.6539,16.142857
CDLX,131.9747,261.8901,-71.0483,30.625
CDMO,,1038.7085,-99.5614,-84.77778
CDNA,63.8452,149.863,148.3704,-16.869566
CDNS,17.8299,21.9837,22.6387,39.88857
CDTX,-41.1088,-20.9174,-31.7205,-9.007518
CDW,25.3773,12.7352,-0.9152,20.976583
CDXC,36.1506,-39.0298,-70.1451,70.799995
CDXS,-11.3744,57.8646,126.9588,-4.279412
CDZI,-17.3679,-20.6631,26.8393,-12.0
CE,-4.7859,0.2116,3.4847,11.027279
CEI,-76.6326,6.4993,111.6372,
CEIX,-449.6668,1269.0384,40.4543,6.0987477
CELC,212.4838,36.361,57.9863,-4.6519175
CELH,-53.8128,-4856.9723,-221.1013,46.27922
CENT,25.7466,0.2676,-17.4227,16.646341
CENTA,25.7466,0.2676,-17.4227,14.949368
CENX,35.5231,-91.5619,205.6738,18.457447
CERS,-9.1602,-21.3245,-12.3659,-27.833334
CETX,-25.4256,66.7644,-29.3687,2.0727272
CEVA,-116.6456,-5954.2929,-48.7642,40.54
CF,189.2744,264.8855,-54.4232,13.227806
CFBK,-37.6756,-1.5661,-6.7551,8.324324
CFFI,29.6152,1.7163,-19.0507,
CFFN,17.8835,11.0026,-220.3735,9.734694
CFG,119.3945,-10.608,-22.4313,8.443069
CFR,33.7997,30.7103,3.2501,12.406658
CGNX,58.8554,-22.9941,-47.4613,34.907562
CHCI,553.6503,-46.0137,5.948,
CHCO,-1.6909,15.8844,12.0446,13.669824
CHCT,17.9011,-2.103,-64.9666,29.47778
CHD,5.2933,-49.9819,82.5562,28.847593
CHDN,-404.1514,76.395,-5.0296,16.796875
CHE,-15.9378,-7.0475,9.1678,22.371014
CHEF,-94.0617,-663.6807,24.6486,20.29448
CHGG,-76.5633,-18387.9287,-93.1818,4.456897
CHH,283.2982,14.9486,-22.1721,17.13913
CHK,,,-50.9927,12.346153
CHMG,37.1872,8.9234,-13.1432,7.9257517
CHMI,-123.5131,76.9845,-260.0534,3.7391305
CHRS,-317.0987,1.621,-18.4614,49.000004
CHRW,66.7081,11.4042,-65.4311,18.205128
CHTR,44.4444,8.6162,-9.8516,7.4142528
CHUY,-1016.0899,-30.8888,51.0909,13.896227
CI,-36.5098,24.8417,-22.9714,11.14705
CIA,-761.6855,-64.2299,-6.0368,
CIEN,38.4468,-69.4316,66.6603,14.676189
CIM,654.1743,-176.564,-124.5785,6.645161
CINF,144.0789,-116.4084,-478.4394,16.456614
CIO,10600.1325,-96.4925,-115.7858,-9.510203
CIVB,25.9505,-2.7598,8.971,6.9658537
CIX,60.496,25.9718,8.2507,19.559006
CIZN,8.1229,28.3694,-80.7277,
CKX,141.4231,-260.825,-110.8491,
CL,-19.6289,-17.59,28.8515,24.0
CLAR,370.5681,-367.428,-85.46,22.607143
CLB,-120.2044,-1.389,,12.845529
CLDT,-75.7836,-153.2591,-73.0342,-917.0
CLDX,17.9508,59.3014,25.9105,-12.110032
CLF,-2549.1803,-55.3213,-70.1124,10.496894
CLFD,178.7193,142.8396,-34.093,301.2
CLH,50.7353,102.5831,-8.2304,21.191277
CLIR,14.6281,-27.0308,,26.336666
CLNE,844.3025,-36.9452,69.4056,46.399998
CLPR,54.6474,-37.2084,23.8455,10.499999
CLRB,59.8124,18.5674,32.8036,-1.0918728
CLRO,-1623.5644,-367.1692,,-1.3195714
CLW,-136.4462,-263.7011,134.1304,9.325052
CLX,-24.3876,-34.9296,-67.7489,23.104687
CMA,135.0101,-1.4555,-23.4579,8.197712
CMC,47.714,194.8329,-29.3694,10.578741
CMCO,,225.7193,63.2805,12.174041
CMCSA,34.4124,-62.0736,186.5549,8.487751
CMCT,-94.3394,-796.2353,-919.2802,6.194444
CME,25.2328,2.071,19.8885,21.006014
CMG,83.5431,37.6911,36.6628,47.37742
CMI,19.1168,0.9385,-65.8298,13.464728
CMP,-438.0349,-88.2325,-161.753,17.054794
CMRX,298.0424,-199.3829,-147.6834,-0.9791667
CMS,79.2053,-38.1375,5.9737,16.836111
CMT,-42.7924,161.2503,66.5492,8.044643
CMTL,-1146.7236,-55.0191,-18.6161,2.80597
CNA,71.5942,-42.3986,76.6862,8.321969
CNC,-25.4978,-10.7647,124.792,9.613157
CNDT,-76.2712,550.0,62.6374,-18.529411
CNFR,-283.8655,876.3254,142.5241,-12.857142
CNK,-31.4527,-35.8562,-169.3953,10.325301
CNMD,557.1609,-228.8446,-179.9918,12.360001
CNNE,-116.0676,49.1638,-26.7928,-35.363636
CNO,88.9662,10.5734,-56.1529,7.6098266
CNOB,82.8515,-3.9447,-30.5149,8.40845
CNP,-292.238,-28.8694,-13.245,16.747126
CNS,176.0315,-19.0893,-24.5513,20.905775
CNSL,-389.5989,-230.8166,-278.83,-2.805195
CNTY,-142.9607,-61.3229,-453.5356,-13.5
CNX,3.0733,-71.5073,-1311.1151,13.066668
CNXN,25.3582,27.6271,-6.6667,16.096104
CODA,47.9778,-13.0674,-27.366,15.113637
COF,356.5217,-40.5973,-33.6005,8.892126
COHN,-16.8743,-213.3892,-61.8119,
COHR,-543.9153,-21.1032,-210.521,18.270903
COHU,-1312.4121,-42.1204,-70.9273,17.52601
COKE,9.9059,126.9005,-5.064,21.212122
COLB,-127.5892,-19.8782,3.5525,7.2346153
COLD,-224.1035,-36.1681,1629.501,56.333332
COLL,167.3333,-134.9595,-292.6046,10.06267
COLM,227.8383,-12.0494,-19.2782,18.221968
COMM,-19.3233,178.1885,12.7438,2.483333
CONN,,-3549.3146,-154.796,18.578947
COO,1135.193,-86.8985,-23.7429,22.546835
COOP,376.7213,-36.5199,-45.8288,6.6897745
COP,-399.1114,131.2167,-41.3437,13.004141
COR,-145.1763,10.3179,2.7356,16.317408
CORT,6.1324,-9.8603,4.656,18.21875
COST,25.1124,16.7166,7.666,41.49828
COTY,-80.004,-228.9121,95.8382,20.070175
CPB,-38.4521,-24.4511,13.3421,14.151703
CPE,-105.2715,663.279,-60.6451,5.1901307
CPF,114.3482,-7.4674,-20.6404,8.485107
CPHC,1010.9225,-36.321,40.6006,
CPIX,5.0362,58.8055,12.7298,11.428572
CPK,16.7389,7.5839,-2.8776,16.966347
CPRI,,-1425.8065,-25.0608,8.212962
CPRT,33.8028,16.4053,13.5407,33.524693
CPRX,-47.3454,110.4225,-14.0457,10.598592
CPS,20.6386,-33.2836,-6.221,-10.641379
CPSH,254.1465,-33.7226,-35.7091,
CPSI,29.3696,-13.9067,-388.5801,4.994565
CPSS,119.237,80.9254,-47.2652,10.313253
CPT,145.2623,115.0701,-38.2954,56.636364
CR,140.5525,-7.8778,-36.2004,24.265163
CRAI,70.0698,4.6546,-11.7793,21.72006
CRBP,-58.982,-7.2162,5.3284,-7.2343755
CRC,inf,-14.3791,7.6336,7.972851
CRI,209.6585,-26.4049,-7.0141,10.622671
CRIS,51.9192,24.7293,-16.3379,-2.998047
CRK,361.1576,-571.9752,-81.4272,11.054945
CRL,7.323,24.3602,-2.3861,18.42317
CRM,,-64.5383,-85.5956,24.449091
CRMD,28.0672,5.287,56.0154,-58.38889
CRMT,,-9.3551,-78.4958,14.906251
CRNX,45.8313,52.2821,30.8758,-12.378531
CROX,131.9541,-25.5666,46.7283,9.219422
CRS,-15406.6667,-78.615,-214.8676,17.92887
CRUS,,50.156,-45.8556,14.401626
CRVL,,43.2609,-0.0678,
CRVS,621.2844,-4.4726,-34.5656,-2.012987
CRWS,,63.0982,-43.0329,6.6842103
CSCO,-5.5556,11.5287,6.7812,12.528
CSGP,28.826,26.2816,1.4073,71.50781
CSGS,23.1984,-39.0856,50.3541,10.909931
CSL,31.7401,119.1131,-16.9481,17.544058
CSPI,-148.3402,170.2432,175.4897,
CSTR,97.1048,-19.8451,-23.6128,16.08
CSV,106.0845,24.7957,-19.2552,9.953307
CSWI,,65.5528,45.2662,30.116604
CSX,36.745,10.1825,-10.8257,15.238532
CTAS,26.8175,11.2325,9.0837,39.996357
CTBI,47.7867,-6.9651,-4.6569,9.702078
CTHR,-307.8967,-81.4694,-924.8313,-5.5533338
CTLT,164.7059,-14.7009,-151.3026,36.74342
CTMX,78.7566,-14.2858,-99.4271,-3.8809526
CTO,-61.8642,-89.4522,75.1108,-34.019608
CTRE,-10.9872,-110.4276,-815.894,22.071428
CTRN,,159.5713,-5.3792,178.66667
CTS,-220.7,-242.2992,1.6064,17.528736
CTSH,53.5201,7.1596,-7.1616,13.162325
CTSO,213.3605,33.6091,-13.1205,-4.0499997
CUBE,34.9358,30.3295,41.0262,22.466667
CUBI,137.3297,-27.527,9.6955,6.1967435
CUE,-1.3928,20.0376,-4.2954,-1.9
CULP,,-199.7825,881.6257,-22.8
CURO,-21.6537,-412.61,,-0.13461539
CUTR,-108.6359,-4093.2105,,-0.73333335
CUZ,17.4091,-40.1287,-50.2599,41.70909
CVBF,19.9606,10.7773,-5.9424,10.893333
CVCO,,157.9378,21.6769,16.223162
CVCY,39.5832,-6.1829,-4.1621,7.3940516
CVGI,-164.0557,-192.5796,-324.8919,5.181035
CVGW,-13.2624,-47.123,33.5254,17.387098
CVI,-109.7656,1752.0,66.0907,12.502057
CVLT,,-208.6257,-206.3942,31.92212
CVLY,73.6437,37.0626,24.2933,11.1
CVM,20.1812,0.9339,-12.2787,-2.9795918
CVNA,-21.0526,1075.5556,-128.3554,-34.26446
CVR,2107.0803,157.5394,-253.4921,
CVS,11.4501,-46.1192,93.5514,7.408096
CVU,-286.6165,34.5414,87.454,6.7692313
CVV,-178.1405,-104.7188,1766.0714,10.853658
CVX,-381.8871,126.976,-39.7462,11.277622
CW,30.5062,11.9922,20.4387,22.851217
CWBC,39.5832,-6.1829,-4.1621,6.4067163
CWBR,-4.8521,-21.3273,,-0.21938775
CWEN,104.0,1041.1765,-86.4261,
CWH,127.6031,-50.82,-77.3314,9.516432
CWST,-54.8877,29.146,-52.1487,73.49593
CWT,4.4345,-5.0571,-45.9322,20.725739
CXW,-193.78,-335.7022,-44.7433,17.32558
CYAN,,134.1304,-259.7029,
CYCC,118.5554,14.8507,6.4015,-0.0869922
CYH,-54.9902,-80.0,-389.1304,14.347826
CYRX,742.7737,-86.4504,166.7533,-16.19
CYTK,69.1523,80.6455,35.2969,-18.638298
CZNC,58.9533,-12.8821,-9.2794,9.6875
CZR,-42.0034,-11.7763,-187.4305,15.242554
CZWI,67.1198,-16.4817,-26.4737,7.801419
D,-947.6309,-61.1356,50.9463,14.994117
DAIO,-85.999,101.8018,-143.3929,9.499999
DAKT,,-94.5817,1048.9865,11.8125
DAL,-102.2608,370.7143,249.6965,6.868313
DAN,-735.4839,-222.8426,-115.7025,8.177632
DAR,119.2966,13.3314,-12.1954,9.853488
DARE,41.2228,-20.0236,-2.5409,-3.8437502
DBD,-70.7172,637.8173,,6.750533
DBI,,-131.6094,5.3049,8.522936
DBX,-231.0183,64.7409,-18.0043,10.672811
DCI,11.6342,15.9986,7.8125,19.889805
DCO,364.578,-78.7591,-44.6733,14.698369
DCOM,145.7489,46.6941,-37.0107,6.642336
DCPH,12.5615,-40.3492,8.9481,-15.99367
DD,-319.1461,-9.2624,-92.7914,17.386091
DDD,-315.284,-138.1029,,inf
DDS,,-1303.6634,3.3814,14.110502
DE,116.7575,19.5875,42.5607,14.248635
DEA,151.3001,4.7109,-40.2554,46.76
DECK,,18.1334,14.3541,26.967709
DEI,29.4441,48.8424,-143.9611,-19.041666
DELL,,71.1692,-56.1028,14.560747
DENN,-1626.0555,-4.3049,-73.3042,10.837838
DFIN,-663.3205,-29.7464,-19.8049,16.222223
DFS,375.1972,-19.3287,-32.7846,9.688838
DG,,-9.6351,0.6984,16.85109
DGICA,-52.1839,-107.7587,-325.8596,12.0
DGII,23.2434,86.9863,27.7924,13.506608
DGLY,-1070.1319,-175.6901,33.2277,-0.23237884
DGX,39.413,-52.5815,-9.7252,14.59134
DHI,75.9195,40.2725,-18.9808,9.234608
DHIL,91.9285,-45.507,4.4327,
DHR,76.4399,12.0628,-33.9159,28.445213
DHX,-0.9095,-114.0408,-16.4033,10.173912
DIN,-194.1054,-17.1187,19.8062,6.447368
DIOD,133.2222,44.8149,-31.4236,18.577608
DIS,-169.6578,57.6441,-25.151,20.090414
DIT,180.4693,7.2497,-30.445,
DJCO,2693.8629,-166.9832,-128.3667,
DK,-79.0154,-300.3897,-92.2987,19.52143
DKS,,186.6324,-31.3667,14.002788
DLA,-291.8881,-2.7395,-268.2523,-3.219178
DLB,34.0867,-40.6605,9.0006,19.91282
DLHC,42.6061,129.5515,-93.7264,11.178947
DLR,379.5928,-77.9036,151.2254,110.14286
DLTH,,118.767,-92.2429,-35.083336
DLTR,,-1.0433,21.6507,14.473684
DLX,1094.3745,4.4098,-60.0581,5.843195
DMRC,6.8291,72.036,-23.1429,-19.757008
DNLI,-508.4866,12.1859,-55.4515,-5.96139
DNOW,-101.171,2460.0,92.9688,13.064814
DOC,22.2401,-1.007,-38.8531,32.649124
DOCU,,-71.2349,39.2677,16.125357
DOMO,,20.6501,3.3689,-50.2
DOOR,36.8846,126.6992,-44.8138,13.348439
DORM,23.0766,-7.5898,6.3431,14.242671
DOV,64.4329,-5.2003,-0.8023,18.020102
DOW,415.1837,-27.3966,-87.1454,13.232558
DPZ,3.9021,-11.4021,14.7823,29.518684
DRH,-50.6602,-156.1855,-21.0266,19.347824
DRI,-1300.9542,51.4063,3.0542,15.946986
DRQ,317.619,-98.7361,-137.1921,19.76087
DRRX,6131.0997,-2.57,-21.8181,-0.7801626
DSKE,1265.8537,-10.3571,-135.259,55.266663
DSS,-1844.0232,80.6818,34.7025,-2.1621249
DTE,-33.6988,19.4046,28.9935,15.386332
DUK,183.8054,-34.7492,11.4118,15.522907
DVA,26.4732,-42.7257,23.4002,13.790674
DVAX,-201.9577,282.1464,-102.1794,22.74
DVN,-204.9627,113.8287,-37.7057,8.916377
DWSN,120.4532,-29.6999,,-3.1674
DX,-42.3979,39.9957,-104.2819,116.7
DXC,,-581.8792,-179.1086,5.584527
DXCM,-56.0575,57.3075,58.7046,56.367256
DXLG,,-187.8754,57.1474,10.7
DXPE,-156.36,191.9193,42.8969,12.251256
DXYN,-117.55,-2270.7302,-92.2518,2.1536
DY,,41.4626,192.776,15.839367
DZSI,50.2599,7.9232,,1.4628358
EA,,-5.7348,1.6477,16.752972
EAF,-10.6001,-1.3823,-100.0,172.0
EARN,-131.3693,378.6495,-115.097,6.009091
EAT,439.3443,-10.6383,-12.7551,13.073171
EB,-38.1091,-60.1783,-52.1902,-264.00003
EBAY,140.1271,-109.3254,-318.0457,10.2669325
EBF,,20.2872,63.2047,14.113475
EBMT,-32.0051,-25.7854,-6.0275,7.7108436
EBS,-28.2211,-196.4009,259.4045,0.51226157
EBTC,34.0635,1.2924,-10.9046,
ECL,-193.7599,-3.3808,25.703,31.021948
ECPG,65.5819,-44.5342,-206.1306,4.6587305
ED,22.2525,23.3284,51.747,16.857143
EDIT,65.9843,14.5089,-30.4915,-1.9014598
EDUC,,-34.1984,-130.1548,5.1428576
EE,6.1028,-36.1034,15.7538,15.905662
EEFT,-2180.0235,226.7327,21.0823,10.673596
EEX,-87.4211,-264.1154,-106.2691,-71.875
EFC,433.6812,-152.4842,-220.0394,6.6511626
EFOI,31.8509,30.3449,-58.2352,-7.0495453
EFSC,78.8758,52.6008,-4.4247,8.56081
EFX,43.0879,-6.4499,-21.6748,23.032427
EGAN,-3.4545,-135.0769,-186.399,19.40625
EGBN,33.6371,-20.2393,-28.6639,7.2795277
EGHT,,5.9172,-58.2953,4.9111114
EGLE,-627.3308,34.1329,-90.8358,8.493894
EGP,45.3974,18.168,7.6855,31.706121
EGRX,-171.9576,-513.1448,,1.1752874
EGY,-269.8512,-36.5927,16.3114,6.736842
EHC,45.0387,-34.2552,29.8893,18.365639
EHTH,-329.648,-14.9969,-68.1995,85.600006
EIG,-0.4174,-59.43,144.0083,11.604904
EIGR,-47.8609,185.3318,-22.5397,-0.4791667
EIX,6.1998,-10.9189,70.7524,12.689285
EKSO,-38.3002,54.4449,0.7825,-5.166667
EL,319.5906,-16.7247,-57.9079,34.118607
ELAN,-15.8537,-83.8509,1478.2051,12.415095
ELF,,249.3261,182.6367,46.304844
ELMD,-43.2348,-2.4132,37.3536,28.983332
ELOX,92.9809,-45.9514,,-1.353662
ELS,14.9787,8.4384,10.3925,32.41398
ELSE,-430.6452,-75.6098,175.0,
EME,188.4936,5.89,55.863,20.63374
EMKR,-466.3286,-194.8914,209.6988,-13.55
EML,72.9559,31.583,-30.2141,
EMN,79.2887,-7.4679,12.7364,10.470066
EMR,17.201,40.2953,309.1303,18.39249
ENG,809.6,225.664,-18.1538,7.0
ENPH,8.5481,173.1968,10.4625,21.242188
ENR,-272.4544,-243.8782,-160.6911,8.229226
ENS,,0.3745,22.1658,10.793555
ENSG,14.1801,15.427,-6.8016,20.061016
ENSV,220.9247,-30.7625,52.7713,-3.6933334
ENTA,118.4141,54.1281,9.906,-2.942184
ENTG,38.7014,-48.935,-13.5224,29.537777
ENV,-527.5241,-708.747,194.9431,19.704762
ENVA,-32.1691,-19.0683,-15.5734,6.3315897
ENZ,-127.6122,-331.8857,-211.1002,-2.6666667
EOG,-870.9091,66.3593,-2.1266,10.821458
EOLS,-71.2845,58.966,-17.1034,73.56251
EPAM,47.2222,-12.9214,-0.5562,19.720032
EPC,74.2604,-15.5348,15.2764,12.334426
EPM,-376.8705,-298.4913,7.9349,10.18868
EPR,-174.8558,78.7204,-1.8062,15.089219
EPRT,126.4448,40.1201,42.1807,21.590164
EQBK,-170.0013,9.9238,-86.4426,7.7465115
EQC,-103.6331,-327.2688,144.6502,-187.2
EQH,-370.8333,22.6781,-39.5262,5.119279
EQIX,35.2683,40.8152,37.5999,52.870632
EQR,45.8841,-41.7105,7.5333,39.268295
EQT,19.1853,-254.9744,-2.0177,10.605821
ERIE,1.5533,0.238,49.3996,35.93052
ERII,-45.9241,68.5402,-10.5826,22.923077
ES,1.2745,15.104,-131.479,12.602911
ESCA,-5.8957,-26.2897,-45.3611,6.357143
ESE,-36.1278,29.646,12.421,21.268343
ESGR,-69.4144,-261.71,-228.5057,7.2592497
ESNT,65.0642,21.9381,-16.2346,7.524148
ESP,-115.6009,-796.8746,190.6531,2530.0
ESPR,87.4651,-13.1728,-10.4473,39.4
ESRT,-47.9824,-724.3164,31.0066,75.833336
ESS,-14.1185,-16.4238,-0.6098,43.66135
ESSA,13.929,22.1992,-7.4439,7.941177
ESTC,,57.4918,15.8515,73.53957
ETN,52.0567,14.8321,30.7067,27.844269
ETR,-20.4694,-1.9291,115.3157,13.817358
ETRN,-433.6595,-80.9224,-265.3025,14.09375
ETSY,41.3064,-240.6845,-144.2998,22.663366
EVBG,1.499,-35.4677,-22.6714,18.582888
EVBN,113.7916,-6.8793,9.5359,10.889362
EVC,-849.156,-38.1435,-185.1979,-11.0
EVER,73.4869,25.6355,110.0549,-106.1579
EVFM,44.1876,-62.6213,-169.0748,-0.025454545
EVH,-88.7505,-49.0333,489.856,16.511906
EVI,981.8065,-51.157,137.3382,
EVOK,-35.0957,-3.6756,-5.2508,15.0
EVOL,2613.0638,,,
EVR,111.1155,-35.6155,-46.3865,12.06782
EVRG,42.2772,-14.4367,-2.8431,13.014888
EVRI,-287.2245,-21.2104,-30.2866,8.009804
EVTC,54.2859,48.333,-66.6448,11.76489
EW,82.548,1.2507,-7.852,27.137821
EWBC,53.7488,29.2219,2.9322,8.867857
EXAS,-27.6807,4.681,-67.2579,989.1667
EXC,-13.0922,27.1981,7.2811,14.343513
EXEL,106.7104,-21.1116,13.98,15.959183
EXLS,28.2556,24.5822,29.0904,15.760869
EXP,,10.2529,23.325,15.57205
EXPD,103.3344,-4.1041,-44.5349,22.041582
EXPE,-100.4594,2833.3333,126.4205,8.747889
EXPI,160.8975,-80.9874,-158.1078,55.333332
EXPO,22.5918,1.1146,-1.9457,45.053925
EXPR,,-96.4395,-2135.4253,-0.12575758
EXR,71.7902,3.9919,-6.6795,27.743801
EXTR,-101.5263,2186.7252,76.3547,13.493976
EYE,253.5132,-67.1548,-256.4527,22.050632
EYPT,28.6888,75.0415,-30.7655,-6.1971836
EZPW,-112.5791,482.4431,-23.3194,9.22689
F,-1502.4238,-111.0442,-319.4346,6.2953367
FAF,78.319,-78.8091,-17.5665,10.223283
FANG,-148.3064,101.0082,-28.3402,9.873834
FARM,12.3062,-62.3995,405.5871,-12.4
FARO,-6453.5771,-33.0497,111.4554,18.028847
FAST,7.6708,17.5027,6.2655,29.411257
FATE,22.3569,32.7927,-42.8768,-2.1823206
FBIO,39.0685,33.8037,-29.9602,-0.3568376
FBIZ,110.5961,14.2721,-9.3764,6.347409
FBK,199.0915,-34.5429,-3.4772,11.709266
FBMS,22.2112,-1.9449,19.9272,9.0
FBNC,17.3877,53.628,-29.1317,10.745584
FBP,174.7793,8.5569,-0.7238,9.324325
FC,-244.3879,35.2859,-3.5214,18.19626
FCAP,12.7628,4.1842,7.4609,
FCBC,42.4261,-8.8063,2.9103,14.552632
FCCO,53.134,-5.5092,-18.9557,8.983696
FCEL,13.4086,41.232,-24.6311,-3.7112
FCF,88.2405,-7.2879,22.5322,9.096551
FCFS,17.1985,102.9437,-13.489,14.034782
FCN,11.5264,0.2332,16.72,22.461134
FCNCA,11.1789,100.7313,944.2623,8.717106
FCPT,10.667,14.245,-2.4874,20.9375
FCX,618.8648,-19.4612,-46.7128,22.803652
FDBC,84.1811,25.0458,-39.3425,
FDP,62.6016,23.25,-111.5619,9.796935
FDS,7.1465,-0.6689,17.9524,23.822287
FDX,306.7652,-26.8591,3.816,12.301691
FE,18.9064,-68.3554,171.4286,13.405595
FEIM,,-1373.9706,-36.5001,
FELE,53.1555,21.7548,3.1708,20.396187
FET,-14.6952,-104.4912,-608.5129,8.755868
FF,-43.6152,-42.0644,145.7564,6.775
FFBC,31.6732,6.0694,17.5776,9.2125
FFIC,135.8914,-5.9272,-62.7474,9.666667
FFIN,12.6355,3.0379,-15.1394,19.070969
FFIV,7.7413,-2.7415,22.5937,11.9185295
FFNW,43.1627,8.0905,-52.3792,37.036366
FFWM,29.8,0.9141,-280.1289,6.682927
FGBI,34.3489,5.8138,-68.0827,12.4777775
FGEN,53.2154,1.252,-3.2085,-2.5454545
FHB,43.0575,-0.0188,-11.5558,11.782124
FHN,18.2249,-9.9099,-0.3333,8.934132
FI,39.2484,89.6552,21.2648,15.10089
FIBK,19.1687,5.2577,27.3492,10.308881
FICO,65.8485,-4.7293,14.9472,38.52243
FIS,163.9241,-4109.5923,-60.2033,12.79096
FISI,102.6949,-27.1877,-11.152,5.5728154
FITB,94.1135,-11.6968,-3.9657,10.241573
FIVE,,126.0115,-6.1985,20.353268
FIVN,25.8011,78.5849,-13.6144,21.889732
FIX,-4.5231,71.5734,31.4909,22.388569
FIXX,-25.5878,-94.7736,2156.963,-1.3352858
FIZZ,,-8.9775,-10.3134,22.361809
FL,,176.4706,-61.7021,9.520548
FLIC,4.5773,8.9187,-44.0915,8.380531
FLL,7863.2653,-226.4651,68.2248,16.451612
FLNT,-555.7771,1126.0861,-48.7416,24.785715
FLO,35.3661,10.7703,-45.9636,19.03817
FLR,1.1387,-132.9545,-4.1379,12.722398
FLS,-3.4282,49.8138,-1.0313,15.986441
FLT,19.2102,13.6784,2.8882,13.448338
FLWS,101.1119,-75.0447,-250.9693,23.25641
FLXS,-185.859,-91.9603,697.5175,10.806558
FMAO,16.9196,38.3911,-29.9185,11.647727
FMBH,13.7398,41.6819,-5.5064,9.325301
FMC,33.8885,-0.4191,79.4297,11.708333
FMNB,23.8036,16.8833,-17.5999,9.170543
FN,30.7211,35.0807,23.7214,18.669903
FNB,41.6084,8.3951,10.4784,8.662338
FNCB,39.252,-4.333,-36.4979,
FND,45.2603,5.2837,-17.5104,41.322098
FNF,96.0056,-53.7361,-60.0464,8.59375
FNKO,1008.306,-118.303,1817.598,16.026316
FNLC,33.6909,7.5023,-24.2934,
FNWB,49.1103,1.4723,-85.3883,9.318182
FOLD,-9.5329,-5.5466,-35.9237,25.615385
FONR,23.8754,21.879,-24.6375,
FOR,81.25,62.2505,-6.6555,7.61425
FORD,-129.5055,-363.1229,171.1159,7.68
FORM,6.8782,-39.5429,62.3773,27.695652
FORR,148.6887,-12.2283,-86.013,10.7
FOSL,-126.4676,-273.6141,255.7488,-0.6822807
FOX,115.2152,-43.9535,2.8216,12.204256
FOXA,115.2152,-43.9535,2.8216,8.203704
FOXF,80.667,25.3086,-41.1306,10.056848
FPI,40.3427,16.8452,164.8021,-269.0
FR,38.2715,32.5232,-23.4781,27.527271
FRBA,82.173,2.4217,-42.4119,6.7126436
FRBK,398.1401,,,0.02
FRD,,23.1216,51.7418,
FRME,38.3116,8.0562,0.7641,9.658958
FRPH,121.9033,-83.8207,16.1446,72.166664
FRPT,831.5872,100.3232,-43.5002,171.08064
FRT,98.5468,47.4164,-38.5239,32.757862
FSBW,-4.7168,-20.75,21.5994,6.8205686
FSFG,-11.354,-47.9623,-46.8868,6.596708
FSLR,17.6571,-109.4232,-1981.0329,8.269231
FSLY,132.1405,-14.3347,-30.2379,74.41176
FSP,184.2772,-98.8201,-4497.6234,-5.8125
FSS,4.5738,19.6819,30.7309,24.341318
FSTR,-52.1762,-1356.5913,-103.2131,13.922156
FTDR,14.2857,-44.5312,140.8451,11.803846
FTEK,-101.2623,-2770.3704,6.6574,inf
FTI,-100.4046,-906.015,-152.4254,14.556819
FTK,-77.6284,38.5868,-158.4163,6.3703704
FTNT,24.217,41.2821,33.8855,32.56701
FTV,-62.2885,24.1289,14.6451,18.050358
FUL,30.4513,11.7229,-19.6364,15.154159
FULT,54.7388,4.1685,-0.9412,10.474683
FUNC,42.8365,26.697,-39.8754,7.171428
FUSB,64.4256,54.2125,23.616,
FWONA,-68.1208,-393.6842,-66.8459,45.123188
FWONK,-68.1208,-393.6842,-66.8459,50.7029
FWRD,346.0414,82.4984,-13.3754,14.582782
G,19.8433,-4.3427,78.6214,9.343465
GABC,35.2467,-2.7479,4.9655,12.064638
GAIA,618.8825,-204.2884,49.1133,383.0
GALT,30.0959,27.022,5.9057,-2.2075472
GATX,-5.4197,8.9448,66.2604,15.333333
GBCI,6.8908,6.4775,-26.4757,15.662338
GBLI,-239.741,-102.8957,-3091.6471,9.284023
GBX,-33.8776,44.7531,33.2623,11.073991
GCBC,27.8475,16.8908,10.0014,
GCI,-79.8708,-42.2045,-64.3714,10.083334
GCO,,-303.5301,-37.3835,11.717592
GD,2.8418,4.0835,-2.2124,17.5913
GDDY,-148.9396,45.357,290.3464,19.363924
GDEN,-218.4209,-49.0988,210.587,19.78395
GDOT,105.2657,35.2401,-89.5316,4.8342543
GE,-211.0975,-105.3495,2696.7552,32.364002
GEF,259.0993,-3.5833,-4.6456,11.761996
GEN,,50.9025,61.3636,9.072072
GENC,4.9539,-106.4083,-4042.4731,5.4919095
GEO,-31.5079,121.929,-37.5338,10.846715
GEOS,-26.9515,62.6067,-153.4039,30.374998
GERN,53.5528,22.2105,29.7574,-26.199999
GES,,-310.9628,-12.6941,8.36875
GEVO,47.3225,65.544,-32.4385,-1.6892308
GFF,48.2547,-341.8326,-140.5188,11.956203
GGG,33.1088,4.7239,9.9569,24.3769
GH,59.8492,61.3597,-26.7556,-6.185567
GHC,17.2157,-80.9475,206.0391,15.994756
GHM,,-469.5451,-104.1833,71.38462
GIFI,-19.1716,-84.8791,627.9833,345.0
GIII,,751.9558,-166.3338,7.9295774
GILD,4960.9756,-26.2329,23.3667,9.06815
GIS,7.2712,15.7065,-4.1887,15.023454
GKOS,-58.792,100.0181,35.7538,-75.59055
GLBZ,50.8393,-30.6439,-18.1089,
GLDD,-25.2197,-168.8926,-140.8339,9.565217
GLPI,5.6032,28.2009,7.2489,14.338926
GLRE,354.6818,44.1688,242.6328,7.575
GLT,-67.4289,-2899.5964,-59.2947,4.205882
GLW,272.2656,-30.9549,-55.8511,15.311927
GLYC,24.302,-26.3902,-20.9673,-4.0
GM,55.8892,-0.8484,1.9428,4.6097307
GME,,77.1017,-17.8862,184.83334
GMED,45.8581,27.4668,-35.3875,15.133739
GMRE,-1015.4286,8.6256,7.6794,270.3333
GMS,,159.0394,21.7776,10.561644
GNE,122.0753,200.558,-77.7484,33.23913
GNK,-180.6865,-12.8737,-108.116,9.526786
GNL,5.4556,5.7804,-1862.5385,-11.031746
GNRC,52.6904,-34.3322,-42.0188,17.210127
GNTX,3.8075,-11.6519,34.3979,14.115226
GNTY,45.2668,1.6103,-25.7374,11.970833
GNW,377.5281,7.7647,-91.7031,6.5888886
GOGO,-161.0852,-39.7263,58.2442,15.894738
GOLF,86.3144,11.4075,-0.426,16.986073
GOOD,-26.7974,-1.1888,-53.864,222.83334
GOOG,88.8127,-21.1237,23.0491,19.484024
GOOGL,88.8127,-21.1237,23.0491,19.263906
GORO,84.1707,-178.7369,153.3935,-4.6
GOSS,-3.8445,-1.9769,-21.6067,-1.0142857
GPC,-3188.4132,31.5881,11.315,14.637803
GPI,92.7051,36.1166,-19.9468,7.417255
GPK,22.1557,155.8824,38.5057,8.975695
GPMT,-269.0274,-159.7267,54.8022,15.888888
GPN,65.1714,-88.4518,784.5694,9.329027
GPOR,,,197.3343,5.467103
GPRE,-39.3316,92.7779,-26.5953,9.9375
GPRO,-655.7867,-92.2281,-284.3623,11.533333
GPS,,-138.4962,-178.9062,12.987342
GRBK,67.3014,53.462,-2.4919,7.3049936
GRC,18.5128,-62.4971,212.2019,17.643616
GRMN,9.0571,-10.0365,32.4626,23.95854
GROW,-782.3442,-89.2369,-8.4593,
GRPN,-141.214,-300.2301,-76.6802,8.626865
GRTS,-28.7065,59.4084,15.7101,-0.8333334
GS,128.724,-47.9501,-24.3762,10.427908
GSAT,2.7235,128.1154,-90.3789,-129.0
GSBC,25.819,1.7701,-10.7284,10.447155
GSHD,-41.8219,-89.5428,2402.6549,27.1
GSIT,,-23.8875,-2.3888,-7.1454544
GT,-160.925,-73.5602,-441.0891,6.361702
GTES,274.1814,-25.6816,5.4801,10.550899
GTHX,49.467,-0.5345,-67.493,-9.921053
GTIM,-220.6309,-115.7324,-519.7652,133.5
GTLS,-80.8179,-59.3909,97.0833,10.123683
GTN,-78.0488,405.5556,-116.7033,-10.849057
GTX,518.75,-21.2121,-33.0769,6.9781027
GTY,-9.408,43.2437,-33.1975,22.966103
GV,,-99.6599,-35739.6759,
GVA,-106.9571,725.099,-47.6615,11.077844
GVP,-200.6643,-244.6498,-43.1402,-1.3485714
GWRE,144.529,171.2963,-38.0068,64.18604
GWRS,226.6063,52.563,44.9691,36.0
GWW,50.0719,48.3221,18.2288,21.37703
H,-68.4211,-304.955,-51.6484,33.662895
HA,-71.6651,65.8327,8.5025,-8.246754
HAE,,-45.419,166.0542,20.897726
HAFC,133.8539,2.7534,-21.0594,6.8609867
HAIN,-196.2155,0.6579,-249.6501,13.347826
HAL,-149.4737,7.8929,67.8117,9.510153
HALL,-109.5431,-1300.6886,,
HALO,211.9727,-49.8078,39.314,8.355263
HAS,92.6742,-52.5309,-831.8428,14.630072
HASI,53.5855,-67.2126,258.6237,9.402255
HAYN,34.0383,-619.256,-6.9022,12.636555
HBAN,58.5067,72.8185,-12.8239,9.419581
HBB,-53.9409,18.591,-0.0989,12.7125
HBCP,96.3295,-29.9233,18.1028,8.027523
HBI,-202.1765,-264.7208,-86.0649,7.125
HBIO,-96.3124,3204.1667,-64.1131,13.172414
HBNC,27.142,7.2533,-70.0443,7.6026487
HCA,85.2957,-18.8758,-7.1061,13.35431
HCC,-521.9149,325.0356,-25.3656,12.227191
HCI,-93.2705,-3252.5323,-235.0755,10.651119
HCKT,659.0901,-1.7884,-16.3007,11.9175825
HCSG,-50.8087,-29.4584,12.0988,12.206897
HD,,27.7242,4.0893,20.292654
HDSN,-719.4124,221.7738,-49.6662,7.936
HE,24.2056,-2.027,-17.2408,4.4570136
HEAR,-54.2637,-436.0194,-70.3103,11.102363
HEES,-321.0104,28.896,28.0873,8.4719305
HEI,-3.1097,15.5989,14.7639,49.617226
HELE,,-11.8852,-35.9714,9.009718
HES,-118.0731,274.9553,-34.0649,14.677541
HFBL,39.3506,-9.1705,17.0532,
HFWA,110.5111,-16.4839,-24.574,9.589189
HGV,-187.5622,100.0,-11.0795,8.639004
HHS,-983.7662,145.6483,,7.019802
HI,-515.807,-16.4066,172.7142,11.52657
HIBB,,134.7144,-26.5362,9.476922
HIFS,32.8672,-44.3817,-29.7129,
HIG,36.4997,-23.2813,37.6581,8.454625
HII,-21.8391,6.4338,17.6166,14.636891
HIW,-9.8229,-49.2277,-6.5027,63.902443
HL,-471.1008,-206.4197,125.4927,29.5625
HLF,20.0215,-28.153,-55.7423,3.4055116
HLI,,39.9589,-41.9252,22.485008
HLIT,-145.2803,112.6301,198.0413,11.548387
HLNE,,48.9319,-25.2531,24.99329
HLT,-157.3427,206.0976,-9.0837,23.797346
HLX,-377.5232,42.6501,-87.6538,13.097561
HMN,27.832,-88.3803,127.2727,9.649215
HMNF,31.6638,-40.6886,-25.3574,
HMST,44.2955,-42.3507,-141.3405,13.172043
HNI,42.7208,107.1906,-60.2906,12.673717
HNRG,-39.6463,-582.2856,147.4068,19.653847
HOFT,,-212.3921,-136.7981,9.090909
HOG,49978.8906,14.0586,-4.6967,7.19456
HOLX,67.8174,-30.4301,-64.977,17.259682
HOMB,48.7638,-4.3129,28.7186,11.665025
HON,15.9657,-10.3934,13.9348,17.714153
HONE,30.6416,-22.0927,-64.7349,12.20482
HOPE,83.448,6.6994,-38.7599,7.6488557
HOV,1093.483,-62.9017,-8.6917,205.31944
HP,-34.0441,-102.1318,6143.3482,10.084616
HPE,-1164.2857,-74.6717,133.2949,8.333333
HPP,396.4637,-445.9735,397.2377,-4.7540984
HPQ,132.3623,-52.1174,4.1826,7.7382917
HQY,,-601.3471,-40.9718,21.738293
HR,-7.6681,-38.6474,-780.3946,-34.707317
HRB,,-5.1589,0.0047,10.17888
HRI,203.9349,47.3214,5.1515,9.041087
HRL,0.0834,10.0291,-20.6418,21.166668
HROW,436.4015,-21.7749,73.2997,17.271187
HRTG,-901.276,106.5692,-129.3509,5.7683616
HRTX,-2.9017,-17.5179,-39.2613,-8.285714
HSIC,56.2678,-14.7385,-22.6766,12.305506
HSII,-292.4629,9.5271,-31.5477,8.987804
HSON,-359.6138,120.9173,-69.1682,8.418367
HST,-98.4973,-5854.5455,16.9036,15.341464
HSTM,-58.5196,106.8606,25.8209,42.95
HSY,15.5473,11.3234,13.1911,19.607683
HTBI,-31.1987,127.4514,25.1059,9.049296
HTBK,35.1313,39.5283,-3.1733,9.566265
HTH,-16.3768,-69.7903,-3.0831,17.733334
HTLD,11.9637,68.5028,-88.9395,18.754717
HTLF,59.4361,-3.5208,-62.3339,8.736514
HUBB,13.7528,36.6458,39.183,21.040318
HUBG,133.1108,108.1645,-53.0666,14.313168
HUBS,-8.4604,44.8527,56.3606,71.922714
HUM,-12.8898,-4.33,-11.2972,15.0668335
HUN,1.0638,-55.9809,-78.0435,14.728395
HURC,-208.276,21.6144,-46.6448,
HURN,-364.2072,19.9486,-17.3033,13.833828
HUSA,-74.6963,-27.1408,331.4615,
HVT,53.5183,-1.5914,-36.9737,8.825214
HWBK,57.5387,-7.843,-95.393,
HWC,-1125.4018,13.1416,-25.0887,9.005952
HWKN,,25.7735,16.4895,20.702185
HXL,-49.2114,684.472,-16.3104,21.989725
HY,-566.3073,-57.1676,-269.9055,6.55879
HZO,107.652,27.7521,-44.804,6.949296
IAC,121.5385,-295.8289,-122.7268,-70.98508
IART,26.2771,6.7869,-62.4808,8.080333
IBCP,12.0085,0.725,-6.7623,8.467576
IBIO,41.1704,117.1371,29.0111,-0.7125
IBKR,57.9487,23.3766,57.8947,17.233534
IBM,2.7191,-71.4385,357.439,15.965418
IBOC,51.7592,18.2379,37.1499,
IBP,22.1732,88.0471,9.0868,18.25949
IBTX,11.6998,-12.6625,-77.9913,9.475827
ICAD,-36.1442,21.4406,-64.5064,-7.9444437
ICCC,-92.3402,3085.2616,,-44.636364
ICD,-30.9671,-2.0851,-42.2896,-2.0777779
ICE,94.2556,-64.3667,63.7621,19.246635
ICFI,29.4274,-9.6848,28.593,18.861437
ICHR,113.0443,2.6869,-159.0421,18.121494
ICUI,18.7234,-172.0279,-60.08,14.442477
IDA,3.4256,5.4702,0.8545,16.426344
IDCC,23.4236,69.4421,128.4792,21.651318
IDN,201.0467,-44.3835,-52.3924,35.666664
IDT,350.1867,-71.9845,49.815,23.693335
IDXG,-43.5069,46.9451,-103.6524,-9.466666
IDXX,28.0295,-8.8281,24.4376,38.830578
IESC,60.2394,-47.8502,211.5126,
IEX,18.9518,30.5964,1.5676,24.226374
IFF,-26.5753,-797.0149,37.3126,20.29976
III,463.6661,27.0269,-68.8026,7.4888887
IIIN,250.413,87.676,-74.0703,9.610778
IIIV,963.7232,283.711,-95.2579,12.342391
IIPR,73.4216,35.4382,7.2558,17.796902
ILMN,16.1585,-677.9528,-73.6376,50.43033
ILPT,45.8274,-289.4378,-52.3696,-2.4444444
IMKTA,39.8261,9.2209,-22.7113,15.265958
IMMR,131.1424,145.6264,10.8009,11.359375
IMXI,38.6544,22.3897,3.8095,7.750958
INBK,63.3586,-26.1317,-76.3175,7.840909
INCY,-420.7949,-64.0874,75.4239,9.839319
INDB,-0.1444,118.0417,-9.2152,10.007969
INFN,-17.388,-55.4726,,20.956522
INFU,-91.8071,-98.7324,4744.4444,18.775
INGN,8.6464,1222.7854,22.295,-3.4693878
INGR,-66.3793,320.5128,30.6911,11.157741
INN,-54.2532,-102.2357,-747.2715,-33.38889
INO,82.475,-7.8511,-51.7124,-3.377581
INOD,-371.1507,613.3891,-92.3921,-116.8
INPX,136.5972,-8.3306,,-0.06756411
INSE,-28.5211,-150.7389,-63.1068,8.018868
INSG,-56.728,41.2343,-32.0499,-4.2421055
INSM,47.7963,10.7856,55.6623,-6.4712043
INSP,-26.5039,6.7528,-52.8687,389.7742
INSW,2313.5238,-390.5725,43.4542,5.517964
INTC,-4.9333,-59.6638,-78.9244,15.388888
INTG,-375.2975,-183.8025,-22.9737,
INTT,-913.743,16.1747,10.4125,9.08871
INTU,12.9244,0.194,15.3921,33.18939
INUV,4.0534,72.4397,-20.7292,inf
INVA,18.4722,-19.5344,-15.9867,15.418366
INVE,-131.7336,-124.1975,1300.2551,-63.0
INVH,33.236,46.6306,35.5154,44.41559
IONS,-93.563,843.1829,35.8013,-13.015772
IOR,-14.6179,9.2551,78.0972,
IOSP,224.3902,42.8571,4.5865,16.23816
IOVA,31.8479,15.673,12.1609,-16.591549
IP,263.4855,-14.1553,-80.8511,12.478571
IPAR,128.7109,38.3556,26.225,20.169844
IPG,171.3757,-1.5533,17.1002,10.112957
IPGP,74.4767,-60.5235,99.1447,18.13823
IPI,-1020.0633,-71.0928,-149.3949,-42.808514
IPWR,-38.7948,50.7116,,-6.7913046
IQV,246.2366,12.94,24.473,18.46773
IR,-1789.1892,7.5022,28.7746,26.361582
IRBT,-79.3361,-1042.0698,6.4322,-6.0281696
IRDM,-83.375,-193.5937,76.737,31.418367
IRIX,-17.4435,44.4402,26.8054,-9.827586
IRM,31.3768,23.7133,-66.9227,36.224297
IRMD,581.188,37.564,34.0203,23.748537
IROQ,25.96,8.1728,-19.4329,
IRT,201.9298,162.955,-114.6927,52.566666
IRTC,131.2594,14.5954,6.2425,-64.08187
IRWD,397.7095,-66.8719,-672.4954,9.567902
ISDR,56.2678,-41.2337,-60.393,10.717592
ISRG,60.7203,-22.4275,35.9752,50.424488
ISSC,54.9002,9.0599,9.1238,14.086956
ISTR,-42.4005,346.3625,-53.2947,8.732985
IT,197.4976,1.7943,9.2433,31.884853
ITCI,25.1623,-9.809,-45.4943,66.49074
ITGR,25.3048,-31.4344,36.5684,18.512436
ITI,,-169.8638,109.8164,21.333334
ITIC,70.0152,-64.3345,-9.275,
ITRI,40.2036,-88.0229,-1095.9207,21.12844
ITT,336.2759,16.0291,11.8529,19.807043
ITW,27.7383,12.6206,-2.5379,22.293152
IVAC,2420.8333,-164.1435,-28.6091,-12.441176
IVR,-94.6248,347.6933,-96.064,2.2207794
IVZ,113.9968,-43.5084,-110.5246,7.6594596
IZEA,-70.1132,42.3126,,18.533333
JACK,84.6564,-30.1493,12.9944,7.9706707
JAGX,55.5651,-9.7747,,-0.41288462
JAKK,-57.9095,-1621.5213,-57.9863,4.428571
JAZZ,-238.1584,-32.0347,-285.1433,5.2738094
JBGS,27.2122,-207.7141,-193.6829,-8.934525
JBHT,50.3465,27.4111,-24.8686,19.193624
JBL,1188.8889,43.1034,-17.8715,11.177143
JBLU,-86.5583,98.9011,-14.3646,-71.0
JBSS,10.4066,3.4248,1.7318,20.945377
JBT,9.4669,15.3652,324.0175,15.684859
JCI,159.4295,-6.4142,-100.0,15.832116
JCTCF,24.0769,-66.3057,-101.7718,
JEF,115.9788,-53.0894,-64.646,10.476886
JELD,84.3317,-72.9141,36.5605,10.0
JHG,375.825,-39.9355,5.2632,10.69178
JILL,,-79.8119,-249.8596,6.8650136
JJSF,203.7804,-15.0557,67.0499,23.308998
JKHY,4.9891,16.5175,1.0278,28.542107
JLL,138.9068,-31.9364,-65.5615,11.771986
JNJ,41.8921,-14.0674,95.9367,13.144546
JNPR,-1.9783,86.387,-34.1401,15.475555
JOB,-100.0418,326550.0,-51.9465,3.143
JOE,64.9293,-4.8637,9.5662,520.0
JOUT,50.9623,-46.6413,-56.0945,11.717142
JPM,65.9195,-22.0507,31.5214,11.648847
JRVR,-3682.0688,-117.9243,-447.6706,4.582474
JVA,-1431.2202,-398.3051,-77.6869,4.075
JWN,,-125.7971,37.6404,9.457711
JYNT,-42.5468,-91.7158,-1656.1065,30.615385
K,18.9448,-35.4839,-0.9375,15.186352
KAI,52.2628,43.8882,-4.0181,24.958067
KALA,36.6904,-68.5691,-5.852,-0.5930435
KALU,-164.2361,60.0,-259.4595,12.017263
KALV,,78.0534,12.8347,-4.748954
KAMN,-162.6165,-211.2274,-116.3609,45.99
KAR,13200.0,262.7068,-163.8889,17.18
KBH,90.6361,44.6077,-27.7334,7.7556887
KBR,-137.5,603.7037,-239.4737,16.651281
KDP,61.9623,-33.0848,51.8802,16.280193
KE,212.1071,-44.9684,78.6421,9.780374
KELYA,-316.8056,-140.0384,-158.24,9.176001
KEQU,,66.8301,-112.047,16.527777
KEX,-9.39,-149.5197,82.2988,16.73773
KEY,95.4579,-26.9714,-49.5566,8.88957
KEYS,42.5837,25.7271,-5.9609,20.127892
KFFB,-114.5055,-12.6374,-41.3208,
KFRC,34.1512,0.3379,-19.032,16.69189
KFY,,185.1451,-35.7982,13.030044
KHC,184.2697,133.498,20.821,12.028037
KIDS,-50.6435,-107.7368,-1767.2496,-28.76699
KIM,-15.6644,-85.075,419.3632,24.839998
KINS,-858.78,205.2843,,-10.714286
KIRK,,32.3757,-302.9147,-1.6186441
KKR,136.3238,-111.0232,-815.4531,15.358086
KLAC,70.8019,59.8335,1.9709,24.253695
KLIC,602.0287,18.0804,-86.8184,16.647482
KLXE,,-99.0668,-719.3548,7.0531917
KMB,-22.8741,6.6152,-8.7901,18.107428
KMI,1399.1597,42.8251,-6.1617,14.624001
KMPR,-130.1781,131.6896,-5.0593,10.878732
KMT,-1061.5616,165.685,-18.0912,14.260607
KMX,,54.1395,-57.8943,18.271505
KN,2178.7879,-385.9707,-116.8333,12.176924
KNSA,-2.1421,-216.1084,-92.3191,34.03636
KNSL,72.6541,4.2284,93.6304,20.780893
KNX,81.3133,3.7581,-71.8473,16.629496
KO,26.1262,-2.3437,12.2825,20.59
KOD,100.5996,25.032,-21.9673,-0.722973
KODK,-104.4362,8.3333,188.4615,
KOP,-30.1639,-25.5869,40.694,9.749049
KOPN,204.5235,43.8703,2.1852,78.600006
KOS,-81.0888,-391.062,-5.7519,5.349057
KPTI,-36.7779,33.2047,-13.426,-1.019802
KR,,-35.9768,35.5891,12.171429
KRC,235.7174,-62.9679,-8.7587,21.528662
KREF,152.1885,-72.2247,-180.9674,7.4094486
KRG,398.0953,-84.3625,-475.8943,90.833336
KRNY,40.6272,6.8224,-39.5813,11.020408
KRO,76.6823,-7.4402,-146.9856,15.472973
KRYS,116.2776,101.2002,-107.81,36.28436
KSS,,-675.4601,-102.0256,9.068182
KTCC,-8.7642,-22.2069,52.7095,
KTOS,-102.5126,1745.0,-75.8808,33.622643
KURA,45.5688,4.1191,12.3609,-7.97561
KVHI,-55.5014,-346.1334,-164.1781,32.0
KW,200.0908,-71.6404,-424.2263,-7.535088
KWR,206.0391,-113.1261,-807.7271,18.287254
KZR,30.8754,24.9112,49.2841,-0.6596
L,-267.7766,-47.3752,74.4526,25.913794
LAD,125.4093,18.0077,-20.0,6.8547564
LADR,-491.2911,151.6135,-28.8939,8.0074625
LAKE,,-67.8121,-83.5297,8.401014
LAMR,59.4545,13.0271,13.0209,20.396128
LANC,3.9049,-37.0584,24.2225,27.573698
LAND,-29.0499,34.7067,209.367,-43.72414
LARK,-7.6027,-45.1557,23.8712,
LASR,41.7399,83.9597,-23.652,-49.52174
LAUR,-131.3772,-63.848,54.6433,9.477124
LAZ,31.2087,-32.2967,-121.112,9.188544
LBAI,65.237,12.9712,-21.0759,7.6187496
LBC,119.8662,-8.6094,,38.125
LBRDA,83.9196,71.7213,-45.2665,5.8700237
LBRDK,83.9196,71.7213,-45.2665,6.5262465
LBRT,55.0782,-322.9374,39.2178,6.7484665
LBTYA,-924.742,-89.0279,-375.0272,-9.135057
LBTYK,-924.742,-89.0279,-375.0272,-3.3683128
LC,-109.9073,1459.1227,-86.5582,10.162162
LCII,81.6075,37.2681,-83.747,14.441668
LCNB,4.4782,5.5021,-42.932,9.096775
LCUT,-791.7526,-129.6428,36.4256,9.934783
LDOS,19.9045,-9.0305,-70.9489,16.210405
LE,,207.9457,-137.5498,38.0
LEA,135.8991,-12.3562,74.7025,7.0594506
LECO,34.1872,70.7369,15.4638,20.927551
LEE,-1251.6456,-108.8679,161.1304,6.5851064
LEG,59.0514,-23.0119,-144.1575,13.689393
LEGH,31.2567,35.8966,-19.6435,10.554405
LEN,79.7179,4.1537,-14.6423,9.279069
LEU,221.6912,-70.1714,61.6858,15.387097
LEVI,-535.3757,2.8108,-56.1413,14.5342455
LFUS,118.3358,31.5356,-30.49,19.22
LFVN,11.646,-75.8027,-18.5897,8.714286
LGIH,32.6495,-23.9914,-38.9935,7.614733
LGL,1412.1901,-120.44,,24.782608
LGND,-2014.1709,-158.3867,-256.3322,12.480357
LH,52.773,-46.1953,-67.3208,12.625078
LIFE,108.1361,34.2632,11.1408,-1.6526316
LII,30.2273,7.1336,18.7085,20.614769
LILA,-35.4148,-61.2574,-56.8834,9.4375
LILAK,-35.4148,-61.2574,-56.8834,25.133331
LIN,52.9788,8.39,49.4816,25.726955
LINC,-28.5123,-63.6097,105.7701,15.67647
LIND,20.7308,-6.5643,-59.0505,-61.166668
LIQT,13.4436,27.3403,-39.5082,-4.5932207
LITE,193.2103,-49.9371,-166.1639,18.386553
LIVE,185.5038,-20.6943,-100.4123,3.4053335
LIVN,-61.0635,-36.4988,-120.3441,16.79217
LKFN,13.5125,8.4443,-9.6805,16.601696
LKQ,70.8898,5.3162,-18.5379,9.892201
LL,-32.1178,-128.9726,756.6675,-1.0463576
LLY,-9.881,11.8799,-16.0838,42.941174
LMAT,26.8002,-23.3062,45.8858,35.217392
LMFA,-217.7598,-714.3909,-45.4715,-0.40835
LMNR,-79.063,-93.1415,-4083.0508,47.09524
LMT,-7.5809,-9.232,20.7258,16.628399
LNC,657.1142,-64.0551,-155.3756,3.5740497
LNG,2656.4706,-160.9475,591.9468,16.253347
LNN,10.2074,53.7842,10.5546,20.815413
LNT,8.0128,1.7804,2.4781,15.229358
LNTH,429.0507,-139.3763,1063.8615,9.976012
LOAN,4.5857,17.824,5.0738,10.306123
LOB,180.4612,5.5169,-58.0621,11.460993
LOCO,18.9875,-28.5704,22.8499,12.17143
LODE,-264.6375,86.908,-119.9392,-1.632353
LOOP,,23.5962,-52.5821,-20.285713
LOPE,1.224,-29.065,10.9977,15.242674
LOVE,,222.4554,-44.2217,11.09
LOW,,44.6787,-23.7503,16.95093
LPCN,-96.974,1595.8785,51.9903,-8.105263
LPG,,-22.2867,139.7218,8.963123
LPLA,-2.7027,83.9018,26.0787,13.801538
LPSN,16.1533,80.6352,-55.5099,-0.65051943
LPTH,-467.4177,11.2057,14.248,-15.777777
LPX,175.9519,-21.1329,-83.6096,14.464428
LQDA,-42.1396,18.6125,91.3983,-37.794117
LQDT,-1450.0,-20.8542,-47.9764,13.919355
LRCX,73.574,17.8287,-2.0488,24.755327
LRN,191.5653,49.9349,18.4234,13.622449
LSBK,35.7394,-7.742,-15.5571,
LSCC,102.4012,86.4869,44.8223,38.324024
LSTR,98.6008,12.9455,-38.6434,21.965996
LSXMA,-180.1874,115.6928,-35.8359,9.079245
LSXMK,-180.1874,115.6928,-35.8359,15.522581
LTBR,-45.6508,-4.3112,5.4788,
LTC,-41.3797,79.0587,-10.2865,17.606382
LTRPA,-175.2101,-83.2402,-1050.0,-3.9512196
LTRX,-62.3394,32.5915,67.4748,7.8333335
LULU,,65.6139,-12.3571,22.765152
LUNA,-58.0067,571.4182,,6.645161
LUV,-131.7827,-44.8311,-13.7291,12.905473
LVS,-42.9674,-290.6348,-33.3515,14.355988
LW,-13.1457,-36.7841,402.1901,13.334399
LWAY,2.4443,-72.093,1130.1948,16.762295
LXP,108.7528,-70.2643,-73.2974,inf
LXRX,49.8242,16.1649,73.7415,-2.3333333
LXU,-170.3348,428.9861,-87.8779,26.57143
LYB,295.0704,-30.8021,-45.5435,10.21144
LYFT,-39.405,49.1804,-78.5221,18.61905
LYTS,-38.824,156.1691,71.3811,13.773586
LYV,-62.2563,-145.4731,90.3063,40.04955
LZB,,40.9126,0.4313,11.057239
M,,-136.2576,-17.6923,6.9810605
MA,35.5015,14.3087,12.7392,26.921242
MAA,109.361,19.4168,-13.2766,30.51643
MAC,-106.1958,-563.2125,314.8226,-137.6
MACK,-18.9234,-37.1079,-23.5104,-8.280899
MAN,1506.7227,-2.249,-76.244,11.519083
MANH,26.63,16.7346,36.9179,46.619907
MAR,-511.6105,114.5587,30.7464,21.986034
MARA,185.3465,2227.9174,-137.6318,43.405403
MARK,-300.7453,-301.962,-47.4668,-1.2488183
MAS,-66.5033,105.8537,7.5829,15.010964
MASI,-4.4528,-37.5,-43.2056,34.375957
MAT,630.6962,-56.3767,-45.5839,11.896104
MATW,-103.3389,-3528.6598,-139.38,9.955719
MATX,380.2693,14.7186,-72.0744,12.5325575
MAYS,-143.9326,-278.9733,-88.3538,
MBCN,123.1764,-15.8858,10.8148,12.482557
MBI,-23.0104,-54.382,139.9015,-9.530303
MBIN,25.7964,-3.2509,27.0857,7.087874
MBIO,10.589,16.8073,-33.4382,-0.04920635
MBOT,23.3831,16.3971,-18.4386,-1.4414062
MBUU,78.4234,43.5093,-33.6981,7.7494307
MBWM,33.7192,3.4598,34.6429,8.218679
MC,104.2224,-58.8336,-116.4289,19.553785
MCB,53.4359,-1.8661,30.0261,5.4013605
MCBC,-3.8157,19.7043,24.4537,11.0236225
MCD,59.5011,-18.1281,37.0933,20.225185
MCFT,-333.5842,3.639,18.42,8.682404
MCHP,,267.9164,74.0723,29.292994
MCHX,-88.5814,87.8132,20.1941,66.200005
MCK,,-124.5429,219.5691,17.323767
MCO,24.5219,-37.9404,-100.0,29.79324
MCRB,-26.4218,281.4648,-54.5389,-1.23825
MCRI,189.2474,27.7289,-5.7511,14.637148
MCS,-65.322,-72.3466,-223.5717,23.709091
MCY,-33.8141,-306.7751,-118.791,11.119149
MD,-116.4427,-49.3487,-191.065,6.875969
MDB,,14.9552,12.5566,104.03989
MDC,56.0623,-2.0078,-28.6644,11.226381
MDGL,19.5813,22.1232,26.5041,-13.88836
MDLZ,20.9564,-36.814,82.5175,18.93158
MDRX,-80.8057,,,10.376623
MDT,,39.7393,-25.4217,14.722936
MDU,-3.0943,-2.8144,12.8488,16.802721
MED,59.4717,-12.4751,-30.7541,8.795527
MEDP,25.0812,34.9303,15.2595,29.667685
MEI,,-16.435,-24.5597,64.15789
MEIP,-12.4202,31.8052,-41.5323,-0.52136755
MERC,-1092.0975,44.4774,-197.9829,22.021738
MESA,-39.6009,-1201.266,-34.2471,-10.219999
MET,26.7801,-22.9176,-70.1363,7.1437187
MFA,-148.4067,-170.4172,-134.616,6.418182
MG,-103.8809,68.3679,-368.549,9.722222
MGEE,14.4377,4.9082,6.081,19.434242
MGM,-221.4623,17.4369,-22.4638,13.599999
MGNX,55.7858,-40.7476,-92.4364,-8.211111
MGPI,126.3155,19.8835,-1.8152,11.417759
MGRC,-12.0401,28.3518,51.6624,17.399673
MGY,-134.5321,114.2045,-56.558,10.7136755
MGYR,179.4521,29.3954,-2.6518,
MHH,23.9327,-28.7129,-181.933,8.969697
MHK,100.3819,-97.5563,-1840.8643,10.305631
MHLD,-36.198,-325.3368,-35.7622,8.32
MHO,65.4485,23.6336,-5.1557,6.378705
MIDD,135.6518,-10.6292,-8.1744,12.309123
MIND,,-25.7116,-41.4518,5.083333
MITK,2.0988,-53.6977,117.2983,10.887932
MITT,-124.752,-150.9665,-201.2881,7.4864864
MKC,1.057,-9.7048,-0.2053,24.694805
MKL,196.9419,-108.9255,-1022.9183,14.746208
MKSI,57.4286,-39.5644,-652.8529,17.193642
MKTX,-13.8584,-2.9718,3.1296,24.312273
MLAB,,-42.8528,-50.294,286.7027
MLI,235.8735,40.5097,-8.4183,11.751579
MLM,-2.5659,23.3879,34.8523,24.149323
MLP,31.3364,-152.2515,-272.3559,
MLR,-45.5079,25.1676,186.4986,
MLSS,-7.0729,27.6874,-20.4112,-12.4
MMC,55.9028,-2.959,23.1475,21.03692
MMI,232.5786,-26.8442,-132.6553,32.989586
MMM,8.6621,-2.432,-221.0836,12.715415
MMS,35.7519,-30.0041,-20.6233,15.834319
MMSI,-592.2686,53.7871,26.699,20.357141
MNKD,41.3802,7.9999,-86.341,16.44
MNOV,-26.8491,38.827,-39.0755,-5.375
MNR,,273.5102,-73.4858,5.7843137
MNRO,,79.3992,-36.5774,16.615854
MNST,-2.2786,-13.4922,36.871,26.073172
MNTX,-66.3997,7.1725,-250.0918,7.5507245
MO,-44.5937,132.8889,41.0479,8.281664
MOD,,-140.4366,79.6948,24.312336
MODN,117.6303,-3.7058,18.4634,20.880281
MOFG,949.162,-12.45,-65.7122,7.307971
MOH,-2.0802,20.1821,37.7525,12.860902
MORN,-13.551,-63.5282,100.1418,34.17775
MOS,144.7981,119.7228,-67.4863,10.749999
MOTS,-1.1632,-2.2908,-30.8114,-0.004327449
MOV,,-182.1383,3.1976,9.398523
MPAA,,-65.7245,-157.1526,10.142857
MPB,11.8662,86.93,-31.7648,6.857627
MPC,-199.1044,49.0655,-33.3081,10.626901
MPW,52.0503,37.5866,-161.6528,9.387754
MPWR,47.2383,80.839,-2.3529,41.316666
MPX,49.28,39.003,3.341,11.315789
MRAM,-151.0221,41.1236,47.6913,14.54902
MRC,-94.8905,-635.7143,52.0,7.964539
MRCY,-27.6134,-81.8274,-351.3082,54.230774
MRIN,-7.8784,40.8143,20.2447,-56.6
MRK,84.647,11.2652,-97.4861,13.078947
MRKR,45.8886,-28.5303,-72.4804,-1.1911765
MRNS,46.389,-79.9384,613.59,-1.0930233
MRO,-165.1964,281.8182,-56.9767,8.443397
MRSN,93.1512,20.0823,-15.9354,-4.342466
MRTN,22.918,29.1778,-36.2298,16.752476
MRVL,,51.8211,-61.1639,27.4625
MS,36.7224,-26.6396,-17.6081,11.936924
MSA,-82.801,741.7526,-67.3869,21.450653
MSBI,260.8155,21.7765,-23.797,7.180328
MSCI,20.6309,19.9164,31.9352,27.908327
MSEX,-4.8979,16.1071,-25.7018,21.58298
MSFT,38.3686,18.7152,-0.5183,29.22898
MSI,31.1907,9.4779,25.3852,24.487364
MSM,-13.6231,56.6505,1.0145,14.23401
MSN,,-8.8028,-62.4931,0.1393366
MSTR,7016.9591,174.4821,-129.1959,475.45984
MTB,37.3829,7.1544,37.6004,8.89101
MTCH,71.0865,30.3263,80.01,12.278884
MTD,27.5818,13.4615,-9.5959,27.65857
MTDR,-198.6114,107.5679,-30.3187,7.3294115
MTEM,-20.8805,11.6963,-91.2379,-0.42239183
MTEX,57.1953,-145.6208,-50.1336,
MTG,42.3432,36.2791,-17.6114,7.8910513
MTH,74.1411,34.5447,-25.5438,7.9263515
MTN,29.3596,172.1338,-22.9289,19.623835
MTNB,3.7251,-9.8183,9.2632,-1.6881819
MTRN,368.7233,18.6494,11.2943,15.386882
MTRX,-5.5935,104.6503,-18.0579,13.247059
MTSI,-182.4103,1058.5995,-79.1849,31.17737
MTW,-157.5916,-1223.6364,-131.7152,7.9084973
MTX,46.2633,-25.6691,-31.1784,10.548481
MTZ,1.8532,-89.8568,-249.7542,21.319714
MU,118.1243,48.217,-167.1463,14.981432
MUR,-93.5876,-1410.066,-31.448,7.477387
MUSA,2.7972,69.5389,-17.2537,15.487276
MUX,-62.7691,42.9592,-168.2072,-27.95122
MVBF,4.5708,-61.5373,107.563,7.7456894
MVIS,216.8549,22.8958,56.0377,-3.152174
MWA,-2.2222,8.8068,11.6188,19.8
MXL,-142.5679,197.9342,-158.4989,28.094595
MYE,-8.7873,79.6977,-18.9158,12.882353
MYGN,-86.3659,311.7647,135.0893,85.08695
MYRG,44.6757,-1.9162,9.1256,20.423832
NAII,-754.5897,-0.5201,-76.4563,
NATH,,22.763,44.3292,
NATR,35.2252,-101.3517,-3965.641,20.260418
NAVB,9.413,29.3773,,-0.225
NAVI,74.0291,-10.0418,-64.6512,8.032085
NBHC,5.6608,-23.8574,99.2985,9.948328
NBIX,-78.0015,72.433,61.6181,21.457098
NBN,214.4786,-41.0332,4.8004,7.860183
NBR,-29.3392,-38.4721,-96.6357,10.046025
NBTB,48.3743,-1.8659,-21.8514,10.974921
NBY,-47.2416,82.1429,-9.1252,4.04
NC,225.3228,54.0945,-153.382,
NCLH,12.3133,-49.6313,-107.3209,10.936416
NCMI,-25.5352,-41.0678,-2557.1429,32.92308
NCSM,-91.7811,-76.7216,186.1162,9.8795185
NDAQ,27.224,-5.2233,-5.8667,19.6875
NDLS,-115.7573,-190.4229,197.4049,-6.565217
NDSN,82.083,12.9267,-4.9912,23.05268
NE,,,185.2369,7.6782007
NEE,22.4049,16.0649,76.272,18.19837
NEM,-58.784,-136.7925,481.352,11.288889
NEO,-300.0719,1628.1658,-39.017,99.42857
NEOG,2.3657,-20.6547,-147.343,22.41818
NEON,15.0758,-24.2946,107.3111,7.9666667
NERV,-2671.4498,-35.6616,-6.5506,-0.5198018
NEU,-29.4418,46.4255,39.1095,20.407436
NFBK,91.0187,-13.4953,-38.3678,8.597938
NFG,-393.8039,55.6512,-15.7512,8.536978
NFLX,85.2769,-12.2024,20.3936,24.659204
NGS,-607.9093,-93.8038,-934.2707,16.355555
NGVC,2.8587,3.8093,8.7901,19.95122
NGVT,-34.8953,79.1702,-102.552,10.047151
NHC,230.9928,-83.8047,197.6075,211.32558
NHI,-39.6065,-40.6077,104.289,20.950167
NHTC,28.707,-71.1521,81.4696,
NI,-3423.2955,37.4765,-11.1678,15.05946
NICK,,-64.1001,-1238.0587,
NINE,-82.9594,-122.2888,-323.8102,-3.857143
NJR,-27.678,133.2021,-3.7094,15.170137
NKE,125.5612,5.5701,-16.1429,23.356962
NKSH,26.7774,27.2299,-39.4917,9.749091
NKTR,17.8645,-29.7113,-25.0251,-2.056338
NL,248.6921,-33.8829,-106.8195,9.658823
NLY,-368.1772,-27.8075,-195.2383,6.8644686
NMIH,34.7178,26.7261,9.9719,6.8123617
NMRK,837.7067,-88.9074,-48.8742,7.3615384
NNBR,-86.8528,97.3384,92.1603,-71.2
NNI,11.5885,3.5753,-77.5297,16.379131
NNN,26.7982,15.3433,17.2473,19.867647
NNVC,-34.3906,-8.1083,5.942,-1.0810812
NOC,119.6613,-30.1071,-58.0065,17.611837
NODK,-79.1626,-730.8935,-89.6866,
NOG,-100.7021,12055.9032,19.3643,6.6978655
NOV,-90.1652,-162.0,540.6452,10.15934
NOVT,13.05,47.128,-1.584,38.357845
NOW,93.2773,41.3043,432.6154,42.74538
NPK,-45.3682,-19.3147,66.9598,94.24138
NPO,0.1689,15.2895,-89.176,17.745863
NR,-68.3677,-18.3813,-169.6746,16.52381
NRC,0.5529,-15.123,-2.6069,29.525864
NRG,328.8235,-44.1701,-116.5438,11.145705
NRIM,14.075,-18.0611,-17.3937,9.104762
NSA,116.5299,-1.4403,51.0252,32.74766
NSC,49.2797,8.8186,-44.1284,16.569786
NSIT,27.0534,27.93,0.2498,14.915851
NSP,-10.2411,44.5438,-4.4427,25.796993
NSSC,97.7293,27.1589,38.4101,26.601309
NSTG,4.7021,38.4273,,-0.06343374
NTAP,,28.3562,35.9658,15.232489
NTCT,,85.3762,66.2708,9.0422535
NTGR,-15.278,-239.6866,51.8648,26.872726
NTIC,-569.5519,0.6919,-53.9539,17.7
NTIP,-935.6349,-116.2874,-37.3603,
NTLA,99.5754,77.0064,1.4775,-3.8979964
NTNX,18.6401,-22.8511,-68.138,45.984848
NTRA,105.3233,16.129,-20.6276,-78.050415
NTRS,27.7847,-13.5443,-17.1183,11.604225
NTWK,89.7656,-147.8646,516.0737,6.631579
NUE,846.3264,11.4226,-40.5206,13.985891
NURO,9.0461,93.5872,47.8394,10.924999
NUS,-23.0404,-28.8512,-91.7969,7.587097
NVAX,316.907,-62.2688,-17.1561,-108.25
NVDA,,125.1154,-55.2092,27.862625
NVEC,,24.0553,56.4326,28.763252
NVEE,124.3173,5.994,-10.7258,16.357895
NVFY,-23.4518,-14.331,-54.8392,
NVR,37.2229,39.5285,-7.7634,14.606602
NVRO,58.1412,-102.2846,-3172.7424,-4.7657657
NVT,-678.178,46.5005,41.8459,20.244383
NWBI,106.1653,-13.3856,0.9658,10.816327
NWE,20.375,-2.051,6.0779,13.706521
NWFL,65.2188,17.3309,-42.671,
NWL,-180.7792,-68.328,-296.9543,10.447369
NWLI,173.569,-2.3862,-61.6934,
NWN,2.455,9.7081,8.7656,13.576513
NWPX,-39.5118,170.3202,-32.351,11.344086
NWS,-126.0047,88.7879,-76.0835,
NWSA,-126.0047,88.7879,-76.0835,26.741573
NX,48.0154,55.0298,-6.6055,12.441948
NXRT,-47.6646,-140.1962,-578.013,-48.914288
NXST,2.7726,16.4269,-64.3666,9.289611
NYCB,16.6341,9.0604,-112.1538,9.464286
NYMT,-166.9647,-254.5575,-83.7026,7.527472
NYT,119.7447,-20.9419,33.6287,23.010695
O,-9.1103,141.8677,0.3337,32.846626
OC,-359.7911,24.7236,-3.6261,10.666455
OCC,-207.9934,-105.2506,-695.3764,
OCFC,73.871,33.1834,-29.0403,7.647669
OCN,-145.0249,41.989,-347.8599,3.3012729
OCUL,-95.7895,984.0531,13.6518,-5.3863635
OCX,114.1421,13.737,-61.8927,-1.2575758
ODC,-41.2011,-48.9427,420.8142,
ODFL,53.7688,33.1392,-9.9957,25.167591
ODP,-34.7962,-179.8077,-16.2651,7.421283
OESX,,-76.6932,-663.799,-3.5833335
OFED,5.2019,0.8364,,
OFG,96.6324,13.7447,9.4039,9.072865
OFIX,-1624.7914,-48.5422,666.5958,inf
OFLX,31.5671,-9.8225,-12.1031,
OGE,-524.4675,-9.7111,-37.3892,15.131005
OGEN,-40.5554,-9.0584,,-0.09583333
OGS,5.1025,7.4154,4.2797,15.546987
OHI,161.5621,2.4447,-43.2737,20.828766
OI,-40.1606,291.9463,-117.637,5.520295
OII,-90.0741,-152.6112,275.479,12.057895
OIS,-86.3375,-85.0921,-235.1258,8.866667
OKE,144.7745,14.8,54.4135,14.517432
OKTA,,218.797,-3.8915,33.81091
OLED,38.1197,14.0316,-3.3562,27.71579
OLLI,,-35.1225,-34.7179,20.661016
OLN,-233.6942,2.329,-65.3177,8.876061
OLP,41.7776,8.5441,-29.7864,45.82
OMC,46.7199,-6.8931,0.3001,10.858479
OMCL,141.8121,-92.7449,-460.6763,18.748253
OMER,-240.6878,-75.5878,,-1.7597766
OMEX,-32.7823,132.421,,-3.9462366
OMF,80.0,-33.6377,-26.4908,6.7851562
OMI,641.8198,-89.8962,-284.4701,12.558375
ON,331.0845,88.4113,14.7987,14.436214
ONB,22.5826,54.3165,35.8883,8.029127
ONTX,-35.7515,17.3297,-0.0844,-1.1573255
ONVO,,-31.9624,50.76,-0.78102195
OOMA,,-28.2671,108.7379,11.387096
OPGN,32.7913,7.1181,,-1.3896552
OPI,-222.4918,-25.3178,1036.5526,-1.1160221
OPK,-198.5516,989.4901,-42.4908,-4.692308
OPOF,56.6153,7.9147,-15.1296,
OPRX,-117.1299,-3125.41,53.5687,17.288136
OPTN,-17.5267,-9.0685,-52.5838,-9.122222
OPTT,,27.8726,39.4829,-0.086547084
OPY,29.2537,-79.6489,-6.7139,15.644531
ORA,-27.3404,6.0378,88.9385,26.26749
ORC,-3143.2331,299.0936,-84.8228,36.217392
ORCL,35.629,-51.1349,26.5893,18.258427
ORGO,446.6055,-83.512,-68.1625,39.166664
ORI,174.6688,-55.263,-12.7914,10.156463
ORLY,23.5338,0.368,8.0055,21.595482
ORN,-172.0079,-13.3791,41.7301,12.927273
ORRF,24.2527,-32.9795,61.8324,6.4740734
OSBC,-27.9641,236.2852,36.0863,7.326203
OSG,-254.1528,-157.4332,135.1077,20.266666
OSIS,-1.5986,55.7712,-20.4331,15.142857
OSK,58.2893,-65.8283,243.8758,9.595726
OSPN,460.6599,-52.8054,106.45,9.747747
OSUR,54.1214,-25.5022,-413.1676,-22.041668
OTTR,84.4206,60.7657,3.5213,20.421053
OUT,-158.3607,315.4494,-391.0074,20.868422
OVBC,14.3581,13.6891,-5.3006,
OVLY,19.3614,40.1849,34.6957,
OXM,,-237.233,26.206,10.545988
OXY,-115.6564,472.9543,-64.7023,14.072341
OZK,98.3573,-2.5665,22.4486,7.0204406
PACB,-716.3419,73.404,-2.3908,-2.012195
PAG,118.5063,16.1812,-23.6812,10.523745
PAHC,62.0917,-9.5798,-33.694,13.577236
PANL,492.1932,18.2436,-66.8854,6.545454
PANW,86.8539,-46.4823,-264.6816,47.29919
PAR,107.3163,-8.5489,0.6246,352.33334
PARR,-80.1272,-547.9735,100.0725,8.213333
PATK,131.7254,45.92,-56.4599,10.861746
PAYC,36.6022,43.5951,21.1092,21.361362
PAYX,-0.0546,26.9066,11.8107,23.85743
PB,-1.8164,1.005,-20.0566,10.629503
PBF,-116.5901,1145.368,-25.5944,9.232236
PBH,,24.7137,-140.0748,15.49892
PBHC,78.518,4.2315,-28.1395,
PBI,-99.251,-2834.2709,-1143.928,32.769234
PBPB,-63.628,-118.2686,17.8136,35.13793
PBYI,-51.4526,-100.0069,1079450.0,29.82353
PCAR,43.3677,61.4366,52.7693,12.324042
PCH,154.067,-21.224,-81.4013,48.20482
PCRX,-71.1523,-62.1034,163.7186,7.3735957
PCTY,9.8736,28.1817,55.1296,23.227547
PCYO,197.9259,-52.1681,-51.1488,105.99999
PD,,55.9511,19.5133,24.048193
PDCO,,30.2787,2.1392,10.353658
PDEX,0.949,-25.8995,54.7244,13.405797
PDFS,-46.7631,-84.0423,-190.5512,27.099098
PDLB,559.6159,-218.0445,-111.173,53.6
PDM,-100.4955,-12834.6054,-132.9544,-28.708334
PEB,-52.8097,-52.8443,-10.5012,-31.586956
PEBK,33.2482,6.542,-3.5787,
PEBO,36.782,112.9997,11.917,8.393064
PED,-96.0263,-318.9376,-90.7173,23.2525
PEG,-134.0157,-259.1049,148.5936,17.09901
PEGA,2.7162,448.1948,-119.6214,18.510902
PEN,-133.6518,-137.888,-4643.1568,51.164062
PENN,-162.8529,-47.2196,-320.6213,14.900902
PEP,6.9944,16.9598,1.8406,19.89932
PESI,-70.8042,-557.006,-112.7096,5.7828283
PETQ,-80.6824,201.9227,-104.4204,10.394904
PETS,,-31.0525,-98.8957,-395.0
PFBC,37.0991,35.2845,,8.308453
PFE,139.9716,42.7362,-93.2456,9.384616
PFG,13.2111,201.0315,-86.899,9.3546095
PFGC,-135.6705,176.4128,253.0667,13.335952
PFIE,-51.6665,-475.4254,172.983,10.055554
PFIS,48.2558,-12.475,-28.1176,7.2270994
PFMT,-26.4565,-36.46,15.0222,29.555555
PFS,73.2019,4.6016,-26.9004,6.642534
PG,9.8181,3.0477,-0.6037,23.448275
PGC,116.1805,31.1257,-34.1998,8.197802
PGR,-41.2597,-78.4685,440.8732,17.633362
PGRE,-17.6085,78.8494,613.5236,-10.086956
PGTI,-27.1127,194.6712,12.5472,14.090605
PH,45.2698,-24.6547,58.3253,20.648352
PHIO,51.0917,-13.5998,-5.6969,-0.19522472
PHM,38.347,34.4752,-0.571,8.308724
PHX,-74.043,-428.2692,-31.7918,10.46875
PI,-1.2769,-52.5927,78.4536,68.69828
PII,295.7532,-9.4756,12.4581,9.266595
PINC,120.5532,-7.5316,-34.1678,8.923077
PINS,-346.5949,-130.3525,-62.9244,19.7929
PJT,-9.6819,-14.7257,-9.6483,19.522726
PK,-68.125,-135.2941,-40.1235,19.202381
PKBK,43.3798,2.6079,-31.9465,
PKE,,74.0132,26.784,27.980394
PKG,82.4512,22.4349,-25.6943,17.508097
PKOH,451.1111,-42.7419,-154.9296,6.430731
PLAB,63.9533,114.2257,5.6396,11.420833
PLAY,,-152.5187,26.127,10.171429
PLBC,45.1399,25.8699,12.6002,8.1767435
PLCE,,-233.3459,-100.608,9.405405
PLD,98.3868,14.4617,-9.0834,35.189655
PLNT,-385.3312,132.3888,39.1451,20.996492
PLOW,-135.4592,25.7991,-38.5558,10.937198
PLPC,19.8839,52.2433,16.4298,
PLSE,27.7005,-8.0977,-27.8523,-8.188889
PLUG,-22.8447,57.405,89.0632,-4.125
PLUS,,41.9412,13.0265,14.003643
PLXS,18.2441,-0.4816,0.6156,16.504902
PLYA,-65.8185,-163.2301,-5.033,15.254238
PLYM,8.6513,12.5133,-180.8954,696.0
PM,13.071,-0.6697,-13.6494,13.779391
PMD,-82.7676,63.0075,283.2103,
PMT,8.5559,-228.9039,-372.4276,9.3581085
PMTS,-1.1656,129.2202,-34.3596,5.5825243
PNBK,-233.3857,20.9462,-167.8299,3.5940595
PNC,-24.5178,6.4681,-7.6643,10.717482
PNFP,68.8401,6.3375,0.2515,9.57553
PNM,13.3027,-13.3935,-48.0495,13.188613
PNR,54.2108,-13.038,29.4864,16.546024
PNRG,-190.5872,2219.5424,-42.2509,
PNW,12.3803,-21.8383,3.7128,15.000001
PODD,147.0588,-72.619,4384.7826,45.486774
POL,-64.8461,1561.369,,182.22
POOL,77.4084,15.0376,-30.0928,25.036602
POR,57.4194,-4.5082,-2.1459,13.301538
POST,20737.5,353.8692,-60.1771,16.534267
POWI,130.995,3.9157,-67.378,32.231884
POWL,-96.2125,2077.0206,296.9207,18.717278
PPBI,463.187,-16.5189,-89.1268,11.497326
PPC,-67.2847,2306.2258,-56.8895,11.25625
PPG,35.8829,-28.7005,23.7817,13.811563
PPIH,,-179.3248,-1.9301,
PPL,-200.7488,-151.0811,-2.1164,15.005464
PPSI,-27.428,67.8819,,6.6666665
PRA,-182.0159,-100.2789,9502.9851,20.875
PRAA,22.6458,-36.0405,-171.2583,13.071428
PRFT,72.5953,100.4031,-5.2293,10.409692
PRGO,-57.6261,104.0639,-90.9673,11.108843
PRGS,-1.6332,21.2306,-26.1621,9.944111
PRI,23.6164,-1.109,22.1436,10.737963
PRIM,10.2455,14.9319,-5.1691,14.207316
PRK,20.3419,-3.6338,-14.5715,16.778345
PRLB,-34.3936,-410.0264,-116.6438,17.318182
PRMW,-97.5702,-1025.0,704.3919,17.80189
PRO,5.4882,1.277,-31.4812,71.19565
PROV,-1.6647,20.2619,-5.5097,9.953846
PRPH,-395.2,194.3249,-190.8953,9.604167
PRTA,-160.2597,-274.6159,25.7198,-4.924939
PRTS,552.7146,-90.8018,764.6688,-4.92
PRU,-2471.123,-118.5724,-251.0625,7.531016
PSA,43.9172,122.6606,-50.6035,23.564941
PSMT,25.4183,6.7076,4.4684,16.966314
PSN,-34.9793,50.8678,66.7105,24.457945
PSTG,,-49.2126,-151.0062,27.391304
PSX,-133.0818,738.327,-36.3661,9.869745
PTC,264.913,-34.354,-21.573,29.13629
PTCT,19.5684,6.7028,12.0903,-7.4593973
PTEN,-18.5577,-123.6283,59.2494,10.504854
PTGX,89.7974,1.4671,-38.0225,-31.0
PTN,49.8103,7.7443,-23.9139,-1.9375
PTSI,329.2141,18.5007,-79.6894,11.813792
PULM,4.4696,-6.6184,-25.0319,-0.42224443
PUMP,-49.3693,-103.7464,4118.4236,13.625001
PVBC,34.66,-233.0194,-151.0248,20.21591
PVH,,-183.8218,-78.9562,8.587214
PW,136.8687,-377.0631,,0.12230978
PWOD,5.4386,8.6634,-4.6723,
PWR,9.0575,1.0768,51.6095,26.989561
PXD,-1159.0,270.3966,-37.6163,11.638721
PXLW,-25.2855,-19.1262,63.2938,44.75
PYPL,-0.7853,-41.9765,75.5271,12.085409
PZG,-8.1884,32.7545,-17.6946,-2.153158
PZZA,107.167,-43.5309,21.1385,19.772436
QCOM,73.9708,43.0499,-44.094,15.25759
QCRH,63.2581,0.1628,14.6286,8.682465
QDEL,-13.0925,-22.0818,-101.8407,11.201657
QLYS,-22.5091,52.1871,40.3761,28.857395
QNST,30.1237,-122.2798,1212.2332,34.132076
QRHC,63.4868,-457.6453,20.5572,29.82353
QRTEA,-71.5719,-862.9412,-94.4102,1.244697
QRVO,,40.8584,-90.0177,15.393939
QTRX,82.9623,67.6258,-66.5626,-18.11236
QTWO,-18.0744,-3.3376,-40.0053,29.033897
QUAD,-129.4622,-75.3968,-695.6989,3.7416663
QUIK,-40.669,-35.5048,-93.8364,26.655172
R,-525.4098,67.052,-53.1719,9.032617
RAIL,-50.9172,-6.2731,-39.2772,9.184211
RAMP,,-62.5194,250.8468,19.820988
RARE,143.3589,55.811,-14.2464,-8.491017
RAVE,-135.9083,427.7632,-79.8928,-13.634666
RBB,72.8195,13.0408,-33.9857,10.829268
RBBN,-300.0034,-44.6437,-32.5,9.60606
RBC,,-39.2897,204.7532,25.905722
RBCAA,5.2435,3.9892,-0.8035,10.700422
RBCN,-31.3264,-228.0822,-101.6043,-1.825
RC,251.5578,23.1508,74.7379,6.8160005
RCKT,21.0229,31.2263,10.6967,-11.695652
RCKY,-1.9319,-0.4572,-49.0545,8.59
RCL,-9.2706,-59.0114,-178.7106,11.170401
RCM,-24.2188,-172.5086,-105.2133,45.518517
RCMT,-223.9035,90.0901,-19.4265,8.203464
RCUS,-143.0894,-603.7736,14.9813,-3.6261904
RDFN,491.6392,192.9789,-59.5115,-5.5
RDI,-148.9586,-213.3548,-15.2305,-3.4583333
RDN,52.5994,23.684,-18.8193,8.39045
RDNT,-266.624,-56.9297,-71.4178,63.815792
RDUS,-4083.4017,2.2336,-115.279,19.795454
RDVT,-109.614,-5.9542,2096.2662,
REED,61.1673,22.2839,-22.6056,-1.7567567
REFR,-21.1252,44.5742,-28.5083,-25.833334
REG,705.1215,33.6055,-24.5013,27.802816
REGI,74.1013,,,23.653847
REGN,129.856,-46.2757,-8.8696,18.69171
REI,-101.3113,4072.1195,-24.3592,3.7254903
RELL,-190.0435,983.2024,24.5775,21.06
REPL,,45.9577,47.6533,-2.0957096
RES,-103.4012,2925.6755,-10.6474,7.4333334
REVG,-245.5738,-65.7658,198.0263,10.663415
REX,,1644.885,-47.1068,14.715426
REXR,67.8481,30.679,42.0279,31.947762
REZI,554.0541,16.9421,-25.7951,10.85
RF,130.4388,-10.948,-7.6169,8.719457
RFIL,-7730.8642,-76.5734,-312.5691,23.833332
RFL,135.6601,407.896,-98.4951,
RGA,181.9277,-55.812,74.4681,8.652939
RGCO,-4.3776,-414.12,-135.6078,16.236221
RGEN,114.0824,44.9509,-77.6418,80.097565
RGLD,51.7645,-21.006,0.1916,22.205175
RGLS,76.7832,1.852,6.0516,-3.7704916
RGNX,-214.9124,-319.2749,-6.0028,-7.0091324
RGR,72.4585,-43.3402,-45.4162,13.361272
RGS,-33.8646,-24.2423,-91.3985,-1.9886363
RH,,153.3142,-23.2234,16.49199
RHE,71.8023,480.9645,-43.3814,
RHI,95.4531,9.9048,-37.5081,17.328321
RHP,-57.6019,-172.8914,141.2666,20.245682
RIBT,-23.7084,-12.1913,,-1.5454546
RICK,-598.5374,51.7702,-36.4784,8.147673
RIG,4.4092,4.8986,53.6232,11.347825
RIGL,-39.7727,226.9677,-57.1629,11.666666
RILY,116.9429,-135.9123,-37.4894,
RIOT,9.3737,3200.8551,-90.2911,17.431034
RJF,71.5159,7.5552,15.2419,11.972523
RKDA,214.9302,4.884,-9.0726,-0.44468543
RL,,-595.5409,-12.8979,14.58467
RLGT,119.2392,92.4016,-53.6816,9.148148
RLI,77.8294,108.8429,-47.7879,24.203768
RLJ,-24.5457,-113.7383,82.2421,34.375
RM,231.7883,-42.2418,-68.8466,4.0595813
RMAX,-238.8089,-139.1265,-1229.6563,5.1240873
RMBS,-145.3016,-178.0517,-2433.3613,21.75397
RMCF,,-62.0243,1562.5191,3.7291667
RMD,-23.673,64.2632,15.1544,24.882557
RMR,23.9789,-4.74,68.0596,11.18868
RMTI,5.7753,-42.8322,-54.8209,24.333334
RNG,353.3351,133.6654,-81.2049,7.31358
RNR,-105.2669,2542.7668,-341.3423,6.298477
RNST,110.2689,-5.5852,-12.8803,10.528985
ROCK,17.1344,8.9608,34.1322,13.407129
ROG,116.2432,7.8631,-51.458,25.50107
ROIC,67.1394,-3.0631,-33.4207,38.343754
ROK,31.3563,-31.6298,39.0491,20.342342
ROKU,-1484.5033,-305.4603,42.4807,-50.13913
ROL,33.6671,3.375,18.0028,39.433628
ROP,21.3646,294.2998,-69.5425,25.766247
ROST,,1917.5084,-12.2228,19.778625
RPD,48.0379,-14.7724,19.679,18.512396
RPM,65.134,-2.2207,-2.6023,19.297834
RRC,-157.8521,187.3806,-26.3846,10.348703
RRGB,-81.7281,56.3805,-73.0893,-26.034485
RRR,-260.8077,-15.0478,-14.3354,18.50871
RS,282.8231,30.2265,-27.4007,14.123016
RSG,33.416,15.2821,16.3619,28.526787
RUN,-54.1951,-318.2957,-1025.4382,-11.307692
RUSHA,110.1326,62.12,-11.3258,11.118987
RUSHB,110.1326,62.12,-11.3258,
RVNC,-0.2762,26.7008,-9.1004,-3.4056604
RVP,131.4503,-90.9415,-238.0517,
RVSB,,108.3652,-17.1907,8.288889
RWT,-154.9308,-151.1619,-98.6093,8.253732
RYAM,11866.4865,-122.4636,582.586,24.866665
RYI,-547.2644,32.8576,-62.7366,8.497024
RYN,311.3634,-29.8086,62.0264,48.622948
RYTM,-48.0492,160.1836,1.965,-19.20773
SABR,-27.5957,-53.1004,21.1644,8.96875
SACH,48.0865,56.9872,-23.959,8.378378
SAFE,23.3228,85.1989,-140.5935,11.121951
SAFT,-5.4272,-64.3784,-59.4618,12.7312
SAGE,-175.5506,16.3558,1.6339,-2.7879999
SAH,-778.7938,-74.6346,101.3559,8.995335
SAIA,83.0526,41.1424,-0.7176,20.863827
SAIC,,32.5359,8.3032,14.725401
SALM,-176.7896,-107.795,,-36.000004
SAM,-92.4187,362.1934,13.361,22.148767
SAMG,47.5201,28.1427,-51.6996,8.720238
SANM,87.3905,-3.6715,28.9479,9.435459
SANW,-2.5584,89.8462,-139.5932,-2.076
SASR,142.4958,-29.2667,-26.1306,7.659176
SATS,-6292.4907,-0.3445,-168.6945,-10.45098
SAVE,10.233,17.2633,-19.2522,-2.5214286
SBAC,885.8281,94.1845,8.7517,30.214285
SBCF,59.9751,-14.3855,-2.3229,13.897591
SBFG,22.3033,-31.4931,-3.4023,8.860928
SBGI,-82.85,-740.5797,-110.9729,-22.363636
SBH,111.8045,-23.4743,0.5704,5.4522614
SBNY,73.829,45.5781,,0.21160409
SBOW,-128.0427,292.3939,-12.5489,3.4019933
SBRA,-181.8223,-31.4782,-117.7257,21.75
SBSI,38.0363,-7.3906,-17.4519,9.521429
SBT,-280.381,-160.6841,-152.2263,33.785713
SBUX,352.3645,-21.8536,25.6856,19.030107
SCHL,-74.8858,-835.4545,6.6749,11.833887
SCHW,77.478,22.6815,-29.4584,16.360619
SCI,55.6364,-29.5914,-4.9565,17.794043
SCL,8.704,6.7843,-72.6788,18.320087
SCOR,4.4221,33.0236,19.2305,3.498734
SCS,,-84.6743,782.5,11.24299
SCSC,-105.6033,722.5845,1.1385,10.30198
SCVL,,868.5511,-28.9338,10.928104
SCWX,,81.6775,187.751,60.9
SCX,-171.1251,-4.2168,55.1821,
SCYX,-40.444,91.1063,-206.7379,169.00002
SD,-142.09,107.4457,-74.8699,12.568807
SDPI,-84.5533,-301.0485,598.1173,10.75
SEAC,,-65.8532,53.4859,-50.0
SEB,101.4134,1.7544,-61.0345,
SEDG,20.5584,-44.5652,-63.3937,14.064749
SEE,0.7755,-2.9992,-30.5126,9.656442
SEIC,22.2021,-13.0126,-2.7781,14.623058
SELF,1096.0483,-37.2885,42.8166,18.217392
SEM,55.3022,-60.4714,53.1448,13.574163
SENEA,,-63.3624,-80.0195,
SENEB,,-63.3624,-80.0195,
SENS,72.6765,-146.9855,-142.494,-4.0583334
SF,63.8339,-19.725,-21.0855,10.285714
SFBC,2.4505,-3.8445,-15.5043,
SFBS,22.5071,21.0702,-17.7536,13.554023
SFIX,-86.7753,2233.4948,-16.9698,-3.0724635
SFM,-15.0611,6.9656,-0.8837,21.028662
SFNC,6.3757,-5.4375,-31.7282,11.243422
SFST,154.8614,-37.6699,-53.8863,7.073972
SGA,-683.2201,-17.5226,3.2384,13.25
SGC,-28.2406,-208.5938,-127.4382,14.926605
SGH,-1964.392,212.3275,-381.7525,9.0
SGMA,,540.1068,-308.5871,
SGMO,47.3487,7.8481,34.0928,-1.907037
SGRP,-152.8364,-58.8533,,14.916667
SGRY,-38.932,-22.9901,-78.2051,19.64567
SHAK,-89.1812,365.4462,-195.4543,110.260414
SHBI,-2.3013,102.8696,-63.9863,6.2727275
SHEN,694.7857,-100.8389,-195.9303,-116.545456
SHO,-108.4752,154.5017,136.8088,28.333332
SHOO,-1136.4625,13.312,-20.5993,13.560403
SHW,-8.1757,8.3512,18.2516,23.498823
SIBN,29.4643,8.2797,-29.2543,-18.763159
SIEB,70.1849,-139.3048,,
SIF,-108.084,1197.4428,-9.834,
SIG,,-5165.1316,-51.0716,7.9959216
SIGA,23.2664,-51.1815,100.7645,7.9818177
SIGI,63.9248,-44.3127,62.4103,11.765046
SILK,5.1642,10.4375,1.3325,-14.953847
SINT,32.437,29.3265,-31.398,-4.5400004
SIRI,903.0534,-7.6865,3.7098,8.909091
SITC,249.7522,35.0454,57.4826,269.8
SITE,96.5375,2.9362,-29.3399,32.348454
SIX,-130.1925,-20.6886,-61.533,10.669683
SJM,,-27.9128,-114.4531,11.2487755
SJW,-1.6858,22.0741,15.1149,18.210703
SKT,-125.1337,800.011,20.823,32.965115
SKX,652.3061,-49.693,46.3158,13.7891445
SKY,,192.1636,61.9882,22.655588
SKYW,-1414.2689,-34.811,-52.9259,9.291348
SLAB,16797.2867,-95.6833,-137.7628,43.081562
SLB,-117.8836,82.9346,22.1447,11.277909
SLCA,-70.4095,-331.5571,87.9413,12.344
SLDB,-18.2376,19.1071,11.67,-3.202166
SLG,20.3414,-115.6722,678.0207,-23.176744
SLGN,16.3121,-5.0777,-4.3665,11.694236
SLM,31.7732,-59.5856,23.9603,7.281787
SLNO,25.4515,-22.1385,61.9978,-59.546665
SLP,4.8221,27.6119,-20.2035,56.687496
SLS,23.5245,99.5314,-9.5906,-1.3333334
SM,-104.7382,2969.2318,-26.4465,6.651578
SMAR,,48.8072,26.0332,26.640846
SMBC,71.2834,-0.0233,-16.8161,8.698481
SMBK,42.9804,23.662,-33.5387,9.426605
SMG,32.2922,-185.3659,-13.12,17.221106
SMIT,-308.4658,-59.4078,,
SMMF,46.0065,16.3496,3.8015,6.6175
SMP,58.3573,-39.0984,-38.3064,9.145299
SMPL,-37.719,165.592,23.0267,18.316584
SMRT,93.9179,33.8531,-64.0923,58.0
SMSI,-845.3301,-5.6824,-16.6775,1.9249998
SMTC,,109.7791,-51.1555,24.428572
SNA,30.8612,11.1152,10.9027,13.258783
SNAP,-48.3558,192.9887,-7.4961,39.605263
SNBR,10.4584,-76.188,-141.7564,15.298851
SNCR,114.3711,-65.4956,588.9212,-2.3992393
SND,-233.5143,-98.6127,-761.3087,8.36
SNDR,91.4974,12.9255,-47.903,12.236686
SNDX,-134.0715,-699.1254,40.192,-7.236301
SNFCA,-28.9183,-34.9925,-43.5777,
SNOA,,28.7595,1.278,-0.35311112
SNPS,14.0241,29.9767,24.9132,34.16549
SNV,103.4994,-0.3373,-28.2618,8.189932
SNX,-25.3404,64.859,-3.7457,8.927273
SO,-23.1653,46.8023,12.4752,17.053364
SOHO,-46.6973,-224.0835,-87.8862,-2.357143
SOI,-97.0417,-2537.5576,15.0203,10.244186
SON,-141.2011,-645.6871,1.827,10.3033085
SONO,-888.4415,-57.5125,-115.2472,40.238094
SP,-118.3449,42.5868,-31.1947,12.992367
SPB,93.865,-62.2363,2416.0615,17.23579
SPG,102.2024,-4.894,6.7113,22.306349
SPGI,29.286,7.4074,-19.1502,25.956926
SPLK,,47.4809,-79.25,20.753967
SPOK,-49.8474,-198.5392,-28.3217,14.174312
SPR,-37.8605,0.9061,12.9192,16.243654
SPRO,14.6602,-48.2876,-149.135,-1.4947368
SPSC,-2.1695,23.6271,19.3891,45.63517
SPTN,-2.8493,-53.1966,51.3326,9.312196
SPWH,,18.7021,-62.6459,14.545455
SPWR,-109.877,-191.7479,,-17.166666
SPXC,329.697,-99.953,44850.0,21.790697
SQ,-21.9709,-425.1948,-101.8071,17.136148
SR,206.6591,-18.7339,-1.4946,13.491267
SRCE,45.553,1.6662,3.6661,10.643777
SRCL,-51.4834,-301.4388,-138.2143,15.975
SRDX,277.293,-743.7102,-94.3683,-88.58621
SRE,-66.4887,62.2914,43.7588,13.881783
SRG,-73.1981,162.6914,,4.284404
SRI,-142.8428,-512.6835,-63.1261,21.4
SRNE,43.5112,33.7403,,
SRPT,-24.4254,67.9851,-23.8115,12.005688
SRRK,52.3987,2.0509,23.2614,-7.6010365
SRTS,-160.2545,488.5895,-97.9995,18.8
SSB,294.2097,4.3121,-0.351,10.737588
SSBI,39.7547,15.4443,-36.2211,
SSD,42.485,25.3514,5.9857,18.420551
SSKN,-38.6673,105.0628,95.1703,-4.1
SSNC,27.9591,-18.725,-6.6287,10.992895
SSP,-54.4386,59.6437,-583.8052,376.0
SSTI,-461.7143,-244.0984,,-1336.0
SSTK,28.0314,-17.174,44.8944,8.860995
ST,121.3092,-14.5484,-101.2582,9.165072
STAA,365.263,44.1787,-46.1818,47.875
STAG,-4.8544,-7.2832,8.1418,39.079544
STBA,424.4439,22.817,6.8337,10.255102
STC,108.6543,-49.7844,-81.2458,9.780757
STCN,740.1022,-75.2923,-242.314,
STE,,-38.6291,-56.1151,21.808102
STIM,13.6233,19.1261,-18.7572,-5.265625
STKS,-344.4288,-56.8266,-65.1396,20.615385
STLD,483.5036,20.1803,-36.5496,12.960159
STRA,-36.1443,-15.2795,49.5415,20.361702
STRL,48.0759,69.9433,30.2402,17.91887
STRM,,-2310.1351,73.9376,-2.7181818
STRS,-351.8385,57.5531,-116.3747,
STRT,-396.2788,-68.8621,-195.0684,15.833332
STT,11.281,3.0078,-29.9207,8.265677
STWD,34.9876,94.6391,-61.076,9.580808
STX,30.8765,25.4947,-132.08,15.151676
STZ,,-102.022,75.7426,16.774323
SUI,188.875,-36.3493,-188.1405,48.190475
SUM,10.3046,78.8263,5.0381,15.748988
SUP,-101.5413,886.521,-350.721,-26.714285
SUPN,-57.9173,13.6399,-97.8324,15.435897
SVRA,-13.3044,-11.3079,43.3761,-13.470588
SVT,3955.0,-152.2072,409.5418,
SWAV,-86.0942,-2464.2294,-31.8145,53.428806
SWK,36.9104,-37.1004,-129.2235,15.868055
SWKS,83.8856,-14.8902,-22.9297,13.0625
SWN,-99.1967,-7496.0,-15.7923,6.1393437
SWX,-13.578,-201.2506,-174.2235,20.387978
SXC,1072.973,132.0276,-42.8997,14.521128
SXI,80.6667,68.3245,126.3971,20.55648
SXT,8.4707,18.6467,-33.71,21.59882
SYBT,26.7985,24.5522,15.893,12.138964
SYBX,2.3457,9.2238,-13.402,-17.9
SYF,204.7653,-28.5477,-25.7958,7.429054
SYK,24.7029,18.2548,34.2239,25.377073
SYNA,-32.9966,223.4925,-71.4175,19.902655
SYPR,75.2398,-185.3233,-36.0064,
SYRS,2.9986,9.3533,73.869,-1.6167666
SYY,143.2807,159.2035,30.2742,15.679326
T,-487.9637,-142.4481,-268.9348,7.3755455
TACO,,,,22.339287
TACT,-28.2238,46.8943,-179.9865,38.214283
TAIT,47.9029,59.602,-42.4875,
TALO,-60.7066,-308.7515,-50.9493,21.606558
TAP,-205.9747,-117.4306,-641.3006,9.623529
TAST,46.0442,75.6304,-144.7203,14.208956
TAYD,-64.9207,110.6909,180.7579,
TBBK,38.1712,17.6769,47.678,5.702857
TBI,-143.4529,1.0368,-122.7595,17.965517
TBIO,116.3132,24.4186,-1.5411,-0.6224138
TBNK,-6.3155,-7.3092,-68.8846,15.367347
TBPH,-28.2684,-537.3211,-106.3285,-21.099998
TCBI,283.0786,30.9283,-43.1117,13.474178
TCBK,81.5271,6.599,-6.4017,10.22647
TCI,40.9207,4882.5708,-98.7321,
TCMD,1805.0,51.2658,-259.6048,14.806452
TCON,70.8912,1.6325,-87.6849,-0.5043732
TCS,,40.209,-294.3954,42.100002
TDC,13.9535,-77.551,87.8788,13.74074
TDG,-2.7182,27.3529,49.8845,33.38764
TDOC,-11.6139,3085.577,-98.3867,-20.901638
TDS,-30.9735,-60.2564,-906.4516,-24.453125
TDW,-34.2806,-83.1363,-546.8481,11.353522
TDY,10.7987,77.0941,12.313,18.217766
TECH,-38.7647,93.7547,4.8564,30.985294
TEL,-1038.1743,7.3861,-21.3344,17.045782
TELL,-45.5433,-56.5881,233.6218,-3.3084617
TENB,9.2345,97.5748,-15.1135,33.81203
TENX,229.6424,-65.9796,-30.2069,-1.0743802
TER,29.3876,-29.4787,-37.2814,24.48842
TEX,-2183.9623,35.8081,72.6667,7.7524204
TFSL,-2.7725,-7.9524,0.9187,50.041668
TFX,44.7478,-25.1837,-1.8756,13.679554
TG,-176.6476,-50.792,-472.1842,5.747748
TGEN,-160.0926,-166.2318,87.8368,-5.275333
TGI,,-90.5174,-309.5351,18.054054
TGLS,185.4492,128.5264,17.4255,12.858795
TGNA,-1.0022,32.0561,-24.5997,6.6213593
TGT,,59.0201,-59.977,15.331429
TGTX,24.5972,-43.0237,-106.3892,25.773586
THC,129.0727,-55.0328,48.6618,15.882603
THFF,-1.5916,34.2008,-14.6775,6.8311443
THG,17.8701,-72.5639,-69.569,9.790347
THO,195.9412,72.428,-67.1058,12.632783
THR,,2190.992,67.5592,16.458763
THRM,56.5321,-73.8414,65.0628,14.047222
THS,-190.5797,1070.4,-136.2953,13.555957
TILE,-176.7896,-64.587,127.592,11.496241
TIPT,-230.7771,-121.6983,-268.6125,
TISI,-21.5781,-137.673,-208.0523,-12.275863
TITN,,241.2224,54.2356,6.47093
TJX,,3547.7778,6.5489,20.81637
TKR,29.7364,10.3766,-3.2646,12.9869
TLF,-127.627,-9.3796,207.0905,8.189655
TLYS,,-5711.2664,-84.9383,-25.291668
TMDX,53.802,-18.0572,-30.921,294.15625
TMHC,172.3582,58.7871,-26.9634,6.847188
TMO,21.1765,-10.0324,-13.741,23.317753
TMP,15.0487,-4.7432,-88.8216,9.33758
TMUS,-1.3055,-14.3519,221.1197,14.897458
TNC,92.5816,2.1572,65.1584,17.02924
TNDM,-145.2737,-707.6963,135.3331,-33.66055
TNET,24.2647,5.0296,5.6338,14.652555
TNXP,82.8805,19.4296,5.843,-0.25628573
TOL,86.6507,54.3256,6.6515,8.6878195
TOWN,47.994,-12.2554,-18.6637,10.431452
TPB,36.3087,-77.6388,230.4012,9.040752
TPC,-15.1936,-328.4569,-18.5011,11.086666
TPH,66.2847,22.7574,-40.3357,7.2826085
TPHS,-580.1523,-0.5528,88.5887,
TPIC,738.5347,-59.0687,208.9794,-79.5
TPR,-227.9252,2.6492,9.3075,8.773625
TPX,79.0424,-27.0296,-19.2232,15.595016
TR,10.7314,16.2431,21.0372,-15.235897
TRC,-822.7027,195.5871,-79.3459,152.54546
TREE,-243.2287,-371.941,-34.8749,13.991304
TREX,18.8497,-11.5509,11.2433,35.0
TRGP,-104.582,1579.073,12.5805,15.518367
TRIP,-48.7889,-113.5135,-50.0,13.931217
TRMB,26.3914,-8.7459,-30.7761,19.825083
TRMK,-7.9113,-51.2184,130.2071,10.349651
TRN,-223.5574,-66.978,76.3727,13.075377
TRNO,9.3477,126.9397,-23.512,33.140244
TRNS,,46.066,-6.0808,53.15347
TROW,29.9321,-49.4664,14.8148,12.4653015
TROX,-70.485,73.7762,-163.5815,11.326667
TRS,-171.8531,15.4598,-39.0056,11.813636
TRST,17.2863,22.2939,-22.0485,9.116439
TRT,-167.3121,-505.2453,-35.5324,
TRTX,-201.26,-143.3533,94.1697,8.329545
TRU,305.0991,-80.8459,-177.4315,16.258352
TRUP,508.3904,25.7304,0.047,450.0
TRV,35.7805,-22.3921,5.2428,10.146341
TRVN,75.6546,4.0358,,-0.2962963
TSBK,13.6553,-14.4401,14.9068,
TSCO,33.1335,9.1863,1.7005,23.996483
TSE,5469.6203,-197.9318,62.7524,-0.8999999
TSLA,666.1581,127.7878,19.2005,54.064896
TSN,47.8409,6.2685,-120.0124,16.57104
TSQ,-120.2934,-26.2847,-464.4403,9.0074625
TTC,24.3248,8.1483,-25.626,18.478903
TTD,-43.148,-61.2484,235.1878,46.80791
TTEC,18.8136,-26.7646,-91.8365,3.851852
TTEK,33.9074,13.0213,3.9126,28.343523
TTGT,-94.4399,4284.51,-89.2788,13.959391
TTI,-302.0472,-92.4138,228.9195,8.9375
TTMI,-69.3503,73.8211,-119.79,8.680233
TTNP,-51.8912,16.2944,-45.4341,-7.3681316
TTOO,5.2203,25.9174,-19.2346,-1.0135952
TTWO,,-29.0202,-369.067,23.961409
TUP,-87.3684,-1590.3846,,1.2771084
TUSK,-5.7403,-99.3897,410.9855,-17.105263
TW,36.4002,36.3756,17.9506,32.91586
TWI,-182.1123,255.5479,-55.3267,6.1222224
TWIN,-25.361,-135.2199,-0.8312,14.105264
TWLO,93.4706,32.2397,-19.1621,18.481482
TWO,-111.4854,17.6321,-148.298,9.086331
TWOU,-10.0322,65.4041,-1.4105,6.2
TWST,8.695,43.2386,-6.0795,-11.696629
TXMD,-6.0532,-164.9578,,5.3714285
TXN,38.8561,12.6142,-25.5915,27.958796
TXRH,684.8152,9.9978,12.9932,25.48019
TXT,141.4239,15.4155,6.9686,12.330903
TYL,-17.1245,1.723,1.0223,44.20977
TZOO,-106.7869,628.2108,86.4034,7.363636
UA,-165.5636,,,11.050848
UAA,-165.5636,,,11.216666
UAL,-72.2167,-137.5255,255.2239,4.33165
UAMY,-98.1602,-808.8938,-1580.9574,0.39285713
UBCP,18.8357,-8.4012,3.3845,7.056497
UBER,-92.6714,1742.9435,-120.6433,30.260271
UBFO,12.6883,55.3377,26.2017,
UBOH,-1.265,-16.7219,-23.908,
UBSI,27.2349,3.233,-3.5071,11.9778595
UCBI,64.4236,2.8432,-32.4098,10.64557
UCTT,53.9948,-66.1925,-176.9802,13.407052
UDR,133.4298,-42.0568,411.1971,86.545456
UE,9.7202,-55.0377,438.2218,39.833332
UEC,1.3895,-135.4553,-162.9665,337.5
UEIC,-86.2569,-92.3222,-24237.1007,20.527271
UFCS,-171.5082,-81.3497,-297.5916,13.635802
UFI,-150.7941,-47.8176,-405.4776,9.184615
UFPI,117.0534,29.3128,-25.7473,13.368919
UFPT,18.8271,163.0555,7.502,30.419498
UG,40.9553,-44.843,0.4615,
UGI,175.7519,-26.8575,-239.9814,8.60606
UHAL,,83.8872,-17.8305,14.051111
UHS,5.0465,-31.8661,6.2441,11.3619995
UHT,461.3514,-80.6698,-27.0211,
UIS,-159.7442,-76.3657,306.3208,9.20339
ULBI,-104.4725,-49.1453,-6147.8992,16.956522
ULH,53.1891,128.7063,-44.909,8.760784
ULTA,,460.6603,26.0257,13.798227
UMBF,23.2166,22.2833,-18.9162,10.345455
UMH,910.6429,-109.5013,-264.9979,83.789474
UNAM,-73.6019,,,
UNB,2.8504,-4.2141,-10.765,
UNF,11.2993,-31.5708,0.2611,19.842628
UNFI,-154.3796,66.443,-90.3226,15.135594
UNH,12.2184,16.4015,11.2376,15.573085
UNIT,-117.5081,-106.6917,887.4683,10.648148
UNM,23.7074,43.4455,-8.7692,5.774488
UNP,21.948,7.2819,-8.8454,18.659323
UNTY,52.7618,6.473,3.2504,6.394299
UONE,-553.4821,1.4623,,
UONEK,-553.4821,1.4623,,
UPLD,13.6531,17.5239,162.9237,3.0
UPS,859.7915,-10.4112,-41.912,15.01833
UPWK,145.9439,59.824,-152.1633,12.1875
URBN,,25030.7443,-48.5864,10.015424
URI,55.7303,51.8759,15.1544,13.998114
USAP,-96.0204,965.0396,-160.82,10.761316
USB,60.5767,-26.8492,-6.7983,9.448837
USEG,-72.5113,-45.5932,3259.9169,-29.750002
USFD,-172.5664,61.5854,90.9434,13.767123
USLM,31.2582,22.6319,64.1,
USM,-32.3144,-80.6452,80.0,30.049587
USNA,-6.5448,-40.4747,-8.0202,13.265176
USPH,-8.9719,1.6104,-48.0897,32.851135
UTHR,-7.5758,52.8583,35.4049,9.361965
UTI,82.0804,77.2718,-52.329,18.33735
UTL,12.1118,14.6814,9.1787,16.432259
UTMD,36.9513,11.3944,0.9834,
UUU,,-129.1232,-1021.8311,
UVE,6.815,-209.0655,-400.2336,9.663366
UVSP,95.671,-14.9029,-8.9811,10.383085
UVV,,-0.953,43.2852,
V,13.2984,21.493,15.4844,24.025938
VAC,-117.8182,697.9592,-35.0384,10.946469
VAL,-100.0,inf,390.3116,6.6185145
VALU,,2.3282,-24.1499,
VAPO,16.112,89.3963,-48.6195,-0.41666666
VBFC,45.581,-33.3092,-76.9055,
VBIV,50.8825,62.4346,-18.064,-1.1196078
VBTX,88.9257,4.8222,-26.0083,8.289362
VC,-173.2143,202.439,291.9355,10.761673
VCEL,-360.8589,123.6515,-80.9564,93.61224
VCTR,30.993,-1.0338,-22.6321,8.490818
VCYT,116.4571,-51.6165,103.512,inf
VECO,-410.3087,541.1476,-118.1907,16.828571
VEEV,,12.4716,14.1126,29.157122
VERI,35.0823,-60.4821,129.3892,-46.714287
VERU,-138.972,-1236.5481,10.8425,-4.5
VFC,,240.0457,-91.45,9.368421
VGR,136.1391,-27.6867,15.6426,7.781955
VHC,-115.3055,-15.5192,-23.1357,2.874317
VIAV,37.7551,-77.037,64.5161,14.107143
VICI,13.702,10.2366,124.8981,10.535055
VICR,216.1642,-55.0623,110.6225,32.059406
VIRC,,578.1362,-209.3221,6.028249
VIRT,-26.5434,-44.4248,-46.4068,8.509805
VKTX,39.2328,25.2355,24.7259,-51.341938
VLGEA,-19.8284,34.1903,85.3,
VLO,-165.4469,1139.5699,-23.3605,11.117524
VLY,21.3089,20.0513,-12.3653,6.3727274
VMC,14.7648,-14.192,62.1265,25.996973
VMI,39.0474,28.2334,-42.8074,12.595326
VNCE,,-80.6486,201.8419,-5.6857142
VNDA,42.0577,-81.072,-60.0159,-14.424243
VNO,-159.2579,-296.8756,-130.4457,-325.37503
VNRX,31.7537,12.8815,16.6848,-2.8121877
VOXX,,-183.4348,27.9541,-7.283951
VOYA,-1250.4854,-78.481,22.549,7.22034
VPG,87.4571,78.3443,-28.7164,15.566038
VRA,,105.4832,-434.875,9.414286
VREX,-130.0518,74.1379,59.0759,12.6953125
VRNS,24.307,6.5522,-18.9547,190.21739
VRNT,,-298.3349,3.365,9.767742
VRRM,-1005.3954,123.1055,-38.3455,17.338236
VRSK,-6.5105,43.2238,-35.6177,29.775957
VRSN,-3.6923,-14.1437,21.3416,19.369143
VRTS,160.3037,-43.5255,11.128,7.6232185
VRTX,-13.6298,41.8385,8.9585,21.618603
VSAT,,-520.8616,-7083.4299,-27.431034
VSEC,-254.0514,252.2345,39.4704,15.900204
VSH,142.4038,43.9105,-24.484,11.806122
VST,-300.3145,-3.6892,-221.6789,15.89937
VSTM,5.1295,3.6685,18.3642,-3.696296
VSTO,,77.8965,-102.0536,7.8501124
VTNR,52.5756,-73.7421,1382.4969,-3.8235292
VTR,-88.8402,-196.8148,-13.6447,-50.31818
VTVT,52.8062,47.5629,5.6669,-84.54545
VUZI,124.9152,0.957,23.0242,-2.2542374
VVI,-75.2322,-125.0607,-31.0207,17.865286
VVV,32.7543,0.9517,234.5982,21.583755
VXRT,118.7151,52.9133,-23.472,-1.8325641
VYGR,-293.7808,-34.8175,-385.1448,-4.5202312
VZ,23.9537,-3.6664,-45.3613,8.366527
W,-170.8108,916.0305,-44.553,24.463415
WAB,34.7826,13.4409,28.752,20.009937
WABC,7.5809,41.0651,32.5598,9.558521
WAFD,5.8678,28.7095,8.9265,8.8529415
WAL,77.497,17.5823,-31.675,6.1107526
WASH,10.0832,-6.7504,-32.7911,10.434425
WAT,32.8377,2.1523,-9.2576,23.519026
WATT,30.1432,-36.575,-26.2928,-0.46179402
WBA,457.4561,70.6137,-171.0168,5.6645365
WBS,85.3242,57.5788,34.6986,6.990431
WCC,362.8083,84.8947,-11.0401,9.246367
WD,7.9557,-19.5446,-49.7909,18.511112
WDAY,,-110.268,-1365.5172,31.136131
WDC,-428.4,82.704,-213.7333,9.234681
WDFC,15.6795,-4.1293,-1.9843,38.588737
WEC,8.359,8.2828,-5.4211,15.831418
WELL,-65.6597,-57.9893,140.8359,56.378696
WEN,70.0659,-11.4885,15.2619,17.848213
WERN,53.2145,-6.8697,-53.4179,12.214286
WEX,-100.041,201300.0,32.3734,11.297325
WEYS,-342.251,43.712,2.1936,20.241379
WFC,554.6935,-38.1383,39.9576,10.8051
WGO,358.8067,38.5598,-44.7261,8.62465
WH,-284.8485,45.4918,-18.5915,15.607219
WHD,43.9732,122.1564,53.5489,14.817911
WHG,-209.1204,-147.4035,-328.414,
WHLM,-191.439,-21.8902,-87.7302,-6.61194
WHLR,-3954.2857,31.8861,-62.3655,-0.06445498
WHR,65.8605,-185.1935,-131.6656,6.8146553
WINA,33.8547,-1.24,1.9105,
WING,83.0344,24.1197,32.5382,103.43817
WIRE,611.7699,32.5844,-48.1224,13.727763
WK,-22.0422,141.0469,40.219,74.33963
WKHS,-675.1862,-70.7797,5.6662,-0.5815385
WLDN,-41.9357,0.3683,-229.3324,14.095
WLFC,-65.6135,62.2613,704.9458,38.888
WLK,510.6061,11.5136,-78.6827,15.777302
WM,21.3904,23.2379,2.9491,25.840994
WMB,618.9573,35.0692,55.1489,18.712196
WMK,-8.4664,15.0181,-17.0676,
WMS,,21.0057,86.8883,23.25926
WMT,,1.2065,-14.5762,22.915058
WNC,-101.1949,9544.1581,106.0005,8.024305
WNEB,111.3152,9.2325,-41.7932,9.4375
WOR,818.5682,-47.5838,-32.3834,16.192635
WOW,5250.6944,-100.3245,11408.0,-11.15625
WPC,-9.9638,46.1357,18.2253,21.936
WRB,92.6791,35.0685,0.0215,11.914861
WRK,-221.3345,12.6804,-274.5712,14.359282
WRLD,,-38.9238,-60.623,10.414081
WSBC,98.5022,-20.6997,-17.2196,10.629921
WSBF,-12.7599,-72.4725,-51.891,11.227723
WSC,116.04,112.0217,40.3243,14.381323
WSFS,136.5013,-18.0764,21.037,9.914153
WSM,,65.4641,0.1391,17.735312
WSO,55.4071,43.4954,-10.784,28.0
WSR,99.6685,192.7457,-45.6195,-575.0
WST,91.1612,-11.4687,1.2801,39.54425
WSTL,,,,4.9
WTBA,51.6477,-6.4668,-47.9795,10.84
WTFC,59.1013,9.3384,22.1597,9.428292
WTI,-209.7592,-657.281,-93.252,-14.999999
WTM,-138.8599,-387.8722,-35.7719,29.635668
WTS,44.9694,51.7803,4.2147,21.880928
WTTR,-87.5326,-214.3351,54.1137,8.1769905
WU,8.2628,13.0057,-31.2541,7.344262
WVE,-18.4544,32.376,-64.4593,-4.607476
WVFC,-47.9518,-4.0123,37.299,
WVVI,-27.9686,-126.4364,85.3995,
WWD,-13.2058,-17.7096,35.3353,26.9701
WWR,-31.5178,-31.1137,-30.303,-0.9059183
WWW,-150.1096,-374.4898,-78.9697,9.675675
WY,227.1016,-27.8865,-55.3723,23.207693
WYNN,-63.4399,-43.9185,-272.2269,16.543322
WYY,-96.696,-7014.561,-82.8432,194.00002
X,-458.2833,-39.5304,-64.5404,9.811828
XBIT,55.1912,88.9284,-25.3587,59.000004
XEL,8.4182,8.7038,2.0161,13.9921875
XELA,-20.2431,191.8611,-69.8841,-1.594203
XELB,-5.8132,-67.0223,423.9423,6.25
XERS,34.6555,-22.8682,-34.233,-7.9545455
XHR,-12.1307,-138.9654,-65.7702,40.794117
XNCR,-219.1799,-166.78,128.4971,-7.122449
XOM,-202.6738,141.9271,-35.3965,12.130256
XOMA,18.7998,-208.2669,138.7219,-14.905882
XPER,26.9615,331.315,-81.9649,25.023811
XPL,152.0767,65.9485,-4.4297,-15.499999
XPO,205.4545,98.2143,-71.6216,22.575628
XRAY,-663.0137,-331.1436,-86.1053,12.452282
XRX,-336.9792,-29.2308,-100.3106,5.880531
XTNT,-30.9554,74.9845,-107.7784,inf
XXII,65.4355,83.388,135.4058,-0.10353866
XYL,68.1102,-16.8618,71.5493,28.290043
YELP,-304.237,-8.3789,172.8506,19.161907
YETI,36.4574,-57.8118,89.4072,12.942029
YEXT,,-1.5133,-29.2958,12.477272
YMAB,-53.6816,72.8955,-77.5793,-54.32143
YORW,2.3256,15.285,21.333,21.011833
YTEN,8.0835,22.9807,6.5531,-0.27752942
YUM,74.2257,-15.873,20.5283,21.764254
Z,225.6947,-80.8712,56.4356,20.368422
ZBH,-389.1289,-42.3805,342.5238,13.857142
ZBRA,66.0714,-44.6834,-36.0691,22.261854
ZDGE,-1575.4919,17.774,-162.8166,-3.6363637
ZEUS,-2263.5567,-24.8821,-51.0299,16.817461
ZG,225.6947,-80.8712,56.4356,20.487804
ZION,109.462,-19.6634,-25.0276,8.788794
ZM,,104.612,-92.4609,12.269076
ZS,127.6217,48.9446,-48.1562,52.725613
ZTS,24.359,3.7801,10.8798,24.765165
ZUMZ,,56.4918,-82.3672,33.076927
ZUO,,35.8748,99.1149,18.961538
USIO,-88.9328,1604.8086,-91.3353,8.076666
VISL,-6.7312,-17.3987,-32.5923,-1.5083332
WW,-10.5942,-482.6711,-56.2986,5.3235292
XFOR,42.7564,5.83,7.777,-2.3829787
ZYXI,88.4836,-0.3216,-42.9141,12.1888895
